index,ID,DATE,TO USER ACCOUNT,FROM USER ACCOUNT,REASON,SCORE 1,SCORE 2,SCORE 3,SCORE 4,DUPLICATE ID 1,DUPLICATE ID 2,DUPLICATE ID 3,DUPLICATE ID 4,DISMISSED 1,DISMISSED 2,DISMISSED 3,DISMISSED 4,QUANTIFIER 1 USERNAME,QUANTIFIER 2 USERNAME,QUANTIFIER 3 USERNAME,QUANTIFIER 4 USERNAME,AVG SCORE,SPREAD
92,62b5119de5133f37b797661f,2022-06-24T01:21:33.397Z,r-x-x#8344,bear100#9085,for the amazing work on creating the unified trasury chart that looks amazing on the Dune dashboard now and serves its purpose of providing the community a better graphical overview of the different multisigs in the TEC üôå,,34,,144.0,,62b3a88ee5133f37b79763c1,,62b3a88ee5133f37b79763c1,False,False,False,False,hanners717#2022,bear100#9085,teaci#6108,innov8tor3#3988,10.95,110.0
43,62b3a88ee5133f37b79763c1,2022-06-22T23:41:02.791Z,r-x-x#8344,GideonRo#3175,"for many, many hours of work building out a unified treasury chart that shows all of the various funds held in the commons pool, LaserTag multisig and working groups. This was a huge lift and it's now integrated into the Dune dashboard. A valuable contribution to the transparency of the TEC and understanding our true financial state",,34,,144.0,,,,,False,False,False,False,hanners717#2022,bear100#9085,teaci#6108,innov8tor3#3988,55.0,110.0
64,62b4a49ce5133f37b79764ae,2022-06-23T17:36:28.769Z,Tamarandom#9361,liviade#1387,for the insightful poll she posed to stewards. It's great to see opinions turn into data and have more clarity to next steps on difficult subjects.,,8,,55.0,,,,,False,False,False,False,hanners717#2022,divine_comedian#5493,tonga#3112,innov8tor3#3988,23.67,47.0
93,62b5ae43e5133f37b797662b,2022-06-24T12:29:55.383Z,iviangita#3204,Zeptimus#3359,comenting on the figma doing QA and correcting many typos and also for all the consistency with TEC with all the things you do preparing retro reminder of updating slides etc thanks u so much ivy!,,13,,55.0,,,,62b48db5e5133f37b797644e,False,False,False,False,pat.zip (TE Academy)#5266,divine_comedian#5493,tonga#3112,innov8tor3#3988,17.5,42.0
187,62bdc00ee5133f37b79769c3,2022-06-30T15:23:58.431Z,chuygarcia.eth#6692,divine_comedian#5493,for their first draft of the proposal inverter deep dive article,,13,,55.0,,,,,False,False,False,False,pat.zip (TE Academy)#5266,bear100#9085,teaci#6108,innov8tor3#3988,25.5,42.0
110,62b87196e5133f37b79766fb,2022-06-26T14:47:50.298Z,mattyjee#8621,Vyvy-vi#5040,for turning the praise application into something that other communities are very interested in. Gnosis x Praise üöÄ,,55,,21.0,,,,62b870b3e5133f37b79766c2,False,False,False,False,pat.zip (TE Academy)#5266,bear100#9085,tonga#3112,innov8tor3#3988,37.37,34.0
192,62bde5c5e5133f37b79769ff,2022-06-30T18:04:53.425Z,JeffEmmett#7202,GideonRo#3175,for the invaluable sector-specific experience they bring to figuring out the consulting intake service,,5,,34.0,,,,,False,False,False,False,pat.zip (TE Academy)#5266,divine_comedian#5493,teaci#6108,innov8tor3#3988,20.25,29.0
193,62bde5c6e5133f37b7976a06,2022-06-30T18:04:54.051Z,Tamarandom#9361,GideonRo#3175,for the invaluable sector-specific experience they bring to figuring out the consulting intake service,,5,,34.0,,,,,False,False,False,False,hanners717#2022,divine_comedian#5493,tonga#3112,innov8tor3#3988,17.33,29.0
222,62bdfdcfe5133f37b7976b4b,2022-06-30T19:47:27.948Z,enti#1546,Zeptimus#3359,for sharing aplication for quadratic funding eth barcelona,,5,,34.0,,,,,False,False,False,False,hanners717#2022,bear100#9085,teaci#6108,innov8tor3#3988,13.0,29.0
197,62bde64de5133f37b7976a33,2022-06-30T18:07:09.364Z,ygg_anderson#4998,GideonRo#3175,for rolling up their sleeves and exploring how to use modeling in Sampo,,5,,34.0,,,,,False,False,False,False,hanners717#2022,bear100#9085,teaci#6108,innov8tor3#3988,11.25,29.0
81,62b4ad4ee5133f37b797657c,2022-06-23T18:13:34.148Z,JeffEmmett#7202,Tamarandom#9361,Rolling up our sleeves on the ‚Äústill to be named‚Äù Token Engineering Schilling Point service with me. I‚Äôm partial to TE Services Board these days,,5,,34.0,,,,62b49cffe5133f37b797647e,False,False,False,False,pat.zip (TE Academy)#5266,divine_comedian#5493,teaci#6108,innov8tor3#3988,9.35,29.0
159,62bc78c3e5133f37b79768bb,2022-06-29T16:07:31.808Z,BiancaGadelha#2667,innov8tor3#3988,"for pursuing the goal of psychological support in the world of DAOs, and being willing to test and try materials",,8,,34.0,,,,,False,False,False,False,hanners717#2022,bear100#9085,teaci#6108,innov8tor3#3988,15.75,26.0
199,62bde67fe5133f37b7976a46,2022-06-30T18:07:59.249Z,enti#1546,GideonRo#3175,for diving in and figuring out technical requirements for Discord token gating,,8,,34.0,,,,,False,False,False,False,hanners717#2022,bear100#9085,teaci#6108,innov8tor3#3988,15.0,26.0
200,62bde67fe5133f37b7976a4d,2022-06-30T18:07:59.542Z,r-x-x#8344,GideonRo#3175,for diving in and figuring out technical requirements for Discord token gating,,8,,34.0,,,,,False,False,False,False,hanners717#2022,bear100#9085,teaci#6108,innov8tor3#3988,17.75,26.0
185,62bdbff5e5133f37b79769b0,2022-06-30T15:23:33.330Z,Ata#4155,divine_comedian#5493,for their spec on plugin and milestone compatibilty for the proposal inverter,,8,,34.0,,,,,False,False,False,False,pat.zip (TE Academy)#5266,bear100#9085,tonga#3112,innov8tor3#3988,18.33,26.0
221,62bded3be5133f37b7976b3a,2022-06-30T18:36:43.751Z,alantv#0964,acidlazzer#5796,for ALL his help with the rewards system animation updates,,8,,34.0,,,,62b48513e5133f37b7976442,False,False,False,False,hanners717#2022,bear100#9085,teaci#6108,innov8tor3#3988,11.35,26.0
160,62bc80ffe5133f37b79768c7,2022-06-29T16:42:39.179Z,Zeptimus#3359,bends#3537,for catherding dework updates and distributions for gravity!,,8,,34.0,,,,,False,False,False,False,hanners717#2022,divine_comedian#5493,tonga#3112,innov8tor3#3988,16.67,26.0
28,62b0d4d5a12b884b0d8c1d46,2022-06-20T20:13:09.597Z,nic#9212,solsista#5370,for curating a knowledge hub and various formats for the various styles in 0mega,,8,,34.0,,,,,False,False,False,False,hanners717#2022,divine_comedian#5493,tonga#3112,innov8tor3#3988,16.67,26.0
62,62b49d4fe5133f37b7976496,2022-06-23T17:05:19.191Z,enti#1546,GideonRo#3175,for helping Bear and I think through the organizational structure and workflows of Sampo,,8,,34.0,,,,,False,False,False,False,hanners717#2022,bear100#9085,teaci#6108,innov8tor3#3988,15.0,26.0
186,62bdc00de5133f37b79769bc,2022-06-30T15:23:57.751Z,Mert Ozd#6679,divine_comedian#5493,for their first draft of the proposal inverter deep dive article,,55,,34.0,,,,,False,False,False,False,hanners717#2022,divine_comedian#5493,tonga#3112,innov8tor3#3988,34.0,21.0
98,62b7615ce5133f37b797667d,2022-06-25T19:26:20.506Z,Marcelo A. Silva#6040,pat.zip (TE Academy)#5266,"Thank you each for preparing and hosting session #1 of TE360, reading Can Blockchains Go Rogue? - Trent McConaghy with their local community. This makes Token Engineering discipline reach more parts of the world and enriches it with local perspectives!",,34,,13.0,,,,,False,False,False,False,pat.zip (TE Academy)#5266,divine_comedian#5493,tonga#3112,innov8tor3#3988,27.0,21.0
33,62b340ede5133f37b7976353,2022-06-22T16:18:53.661Z,bends#3537,innov8tor3#3988,"for taking the Coordinators meeting today, taking the meeting notes, and suggesting some directions for us",,13,,34.0,,,,,False,False,False,False,hanners717#2022,bear100#9085,tonga#3112,innov8tor3#3988,18.33,21.0
46,62b48432e5133f37b79763ef,2022-06-23T15:18:10.477Z,Mert Ozd#6679,divine_comedian#5493,for PMing the proposal inverter,,55,,34.0,,,,,False,False,False,False,hanners717#2022,divine_comedian#5493,tonga#3112,innov8tor3#3988,36.67,21.0
56,62b48db5e5133f37b797644e,2022-06-23T15:58:45.816Z,iviangita#3204,Tamarandom#9361,"for always, without fail, updating the Sprint planning and retrospective agendas and the Sprint Retrosepctive board on Miro! Your reliability is pure gold. Sprint after Sprint .... and we're on 37 Sprints now!!",,34,,55.0,,,,,False,False,False,False,pat.zip (TE Academy)#5266,divine_comedian#5493,tonga#3112,innov8tor3#3988,59.33,21.0
60,62b49cffe5133f37b797647e,2022-06-23T17:03:59.166Z,JeffEmmett#7202,GideonRo#3175,for his valuable advice in shaping the new token engineering consulting intake service,,13,,34.0,,,,,False,False,False,False,pat.zip (TE Academy)#5266,divine_comedian#5493,teaci#6108,innov8tor3#3988,18.25,21.0
29,62b0d544a12b884b0d8c1d50,2022-06-20T20:15:00.850Z,nic#9212,solsista#5370,for building out the TE Consilience lib architecture and helping connect/document the various activities through the Archipelago/Island metaphors,,13,,34.0,,,,,False,False,False,False,hanners717#2022,divine_comedian#5493,tonga#3112,innov8tor3#3988,27.0,21.0
100,62b76321e5133f37b7976696,2022-06-25T19:33:53.709Z,gritty67#0518,pat.zip (TE Academy)#5266,"Thank you for preparing and hosting session #7 of TE360, reading articles about Augmented Bonding Curve with your local community. This makes Token Engineering discipline reach more parts of the world and enriches it with local perspectives!",,34,,13.0,,,,,False,False,False,False,pat.zip (TE Academy)#5266,bear100#9085,teaci#6108,innov8tor3#3988,21.5,21.0
230,62c08160e5133f37b7976ba7,2022-07-02T17:33:20.421Z,Zeptimus#3359,r-x-x#8344,on great work moving Transparency data onto standard formats,,13,,34.0,,,,,False,False,False,False,hanners717#2022,divine_comedian#5493,tonga#3112,innov8tor3#3988,22.67,21.0
225,62beb6b9e5133f37b7976b6a,2022-07-01T08:56:25.288Z,Zeptimus#3359,innov8tor3#3988,"for having time, patience and a sense of fun dealing with my lack of comprehension on Mass SC Onboarding, on top of my poor signal on my laptop. Thanks Zepti!",,13,,34.0,,,,,False,False,False,False,hanners717#2022,divine_comedian#5493,tonga#3112,innov8tor3#3988,22.67,21.0
196,62bde625e5133f37b7976a27,2022-06-30T18:06:29.225Z,richiebonilla#8888,GideonRo#3175,for joining the TEC and for all his help in tuning Clarity for the Sampo team,,3,,21.0,,,,,False,False,False,False,hanners717#2022,divine_comedian#5493,tonga#3112,innov8tor3#3988,10.67,18.0
211,62bde9bde5133f37b7976acc,2022-06-30T18:21:49.798Z,Mert Ozd#6679,Tamarandom#9361,modelling the practice of asking for help when there is something feeling stuck.,,3,,21.0,,,,,False,False,False,False,hanners717#2022,divine_comedian#5493,tonga#3112,innov8tor3#3988,10.67,18.0
27,62b0d481a12b884b0d8c1d3c,2022-06-20T20:11:45.428Z,withinthevacuum#2626,solsista#5370,"for flowing Novelty value to the TE Consilience library, and rocking in asynchronous collaboration",,5,,21.0,,,,,False,False,False,False,pat.zip (TE Academy)#5266,divine_comedian#5493,teaci#6108,innov8tor3#3988,9.75,16.0
25,62b0d480a12b884b0d8c1d2d,2022-06-20T20:11:44.814Z,streamerd#5565,solsista#5370,"for flowing Novelty value to the TE Consilience library, and rocking in asynchronous collaboration",,5,,21.0,,,,,False,False,False,False,pat.zip (TE Academy)#5266,divine_comedian#5493,teaci#6108,innov8tor3#3988,10.5,16.0
72,62b4a6b1e5133f37b7976506,2022-06-23T17:45:21.846Z,chuygarcia.eth#6692,liviade#1387,for sharing about 1hive updates to the Gardens and incentivizing us to share our feedback with them,,5,,21.0,,,,,False,False,False,False,pat.zip (TE Academy)#5266,bear100#9085,teaci#6108,innov8tor3#3988,11.0,16.0
190,62bde582e5133f37b79769e7,2022-06-30T18:03:46.166Z,Tamarandom#9361,GideonRo#3175,for the infectious enthusiasm and passion for launching the TEC's first income-generating service,,5,,21.0,,,,,False,False,False,False,hanners717#2022,divine_comedian#5493,tonga#3112,innov8tor3#3988,11.33,16.0
55,62b48513e5133f37b7976442,2022-06-23T15:21:55.818Z,alantv#0964,divine_comedian#5493,for their animation work and updates on the quantifier onboarding video,,21,,34.0,,,,,False,False,False,False,hanners717#2022,bear100#9085,teaci#6108,innov8tor3#3988,18.25,13.0
49,62b4846ce5133f37b7976409,2022-06-23T15:19:08.423Z,mattyjee#8621,divine_comedian#5493,for working on the development updates for the latest release of the praise bot and praise dashboard,,34,,21.0,,,,,False,False,False,False,pat.zip (TE Academy)#5266,bear100#9085,tonga#3112,innov8tor3#3988,25.33,13.0
50,62b4846de5133f37b7976410,2022-06-23T15:19:09.247Z,Nebs#2035,divine_comedian#5493,for working on the development updates for the latest release of the praise bot and praise dashboard,,34,,21.0,,,,,False,False,False,False,pat.zip (TE Academy)#5266,bear100#9085,tonga#3112,innov8tor3#3988,29.67,13.0
141,62bb30abe5133f37b797680f,2022-06-28T16:47:39.832Z,BiancaGadelha#2667,angieberry.eth#9822,"for creating a visual and promoting Gravity's ""Mental Health: Take care of your mind"" event",,8,,21.0,,,,,False,False,False,False,hanners717#2022,bear100#9085,teaci#6108,innov8tor3#3988,11.25,13.0
48,62b4846ce5133f37b7976402,2022-06-23T15:19:08.151Z,Vyvy-vi#5040,divine_comedian#5493,for working on the development updates for the latest release of the praise bot and praise dashboard,,34,,21.0,,,,,False,False,False,False,pat.zip (TE Academy)#5266,bear100#9085,teaci#6108,innov8tor3#3988,20.25,13.0
87,62b4add5e5133f37b79765c4,2022-06-23T18:15:49.062Z,r-x-x#8344,Tamarandom#9361,For coming into the TEC and making such valuable contributions so quickly.,,21,,8.0,,,,,False,False,False,False,hanners717#2022,bear100#9085,teaci#6108,innov8tor3#3988,10.0,13.0
132,62bb305ee5133f37b79767ca,2022-06-28T16:46:22.337Z,Zeptimus#3359,angieberry.eth#9822,for joining today's Comms weekly sync to share updates on everyone's TEAM,,3,,13.0,,,,,False,False,False,False,hanners717#2022,divine_comedian#5493,tonga#3112,innov8tor3#3988,6.33,10.0
133,62bb305ee5133f37b79767d1,2022-06-28T16:46:22.813Z,enti#1546,angieberry.eth#9822,for joining today's Comms weekly sync to share updates on everyone's TEAM,,3,,13.0,,,,,False,False,False,False,hanners717#2022,bear100#9085,teaci#6108,innov8tor3#3988,5.0,10.0
136,62bb3060e5133f37b79767e6,2022-06-28T16:46:24.334Z,johnjonas#2307,angieberry.eth#9822,for joining today's Comms weekly sync to share updates on everyone's TEAM,,3,,13.0,,,,,False,False,False,False,hanners717#2022,divine_comedian#5493,teaci#6108,innov8tor3#3988,5.0,10.0
137,62bb3060e5133f37b79767ed,2022-06-28T16:46:24.739Z,chuygarcia.eth#6692,angieberry.eth#9822,for joining today's Comms weekly sync to share updates on everyone's TEAM,,3,,13.0,,,,,False,False,False,False,pat.zip (TE Academy)#5266,bear100#9085,teaci#6108,innov8tor3#3988,6.25,10.0
228,62c080d3e5133f37b7976b8f,2022-07-02T17:30:59.661Z,Zeptimus#3359,r-x-x#8344,for his consistency and support over the last few weeks,,3,,13.0,,,,,False,False,False,False,hanners717#2022,divine_comedian#5493,tonga#3112,innov8tor3#3988,12.33,10.0
68,62b4a5d6e5133f37b79764d9,2022-06-23T17:41:42.818Z,ygg_anderson#4998,liviade#1387,for his presence and attention to important matters in the community even tho he is so busy with LTF work,,3,,13.0,,,,,False,False,False,False,hanners717#2022,bear100#9085,teaci#6108,innov8tor3#3988,6.5,10.0
129,62bb3002e5133f37b79767af,2022-06-28T16:44:50.971Z,EFRA#7972,angieberry.eth#9822,for joining today's TE Academy Communication Weekly sync to share updates and discuss future plans,,3,,13.0,,,,,False,False,False,False,pat.zip (TE Academy)#5266,bear100#9085,teaci#6108,innov8tor3#3988,6.25,10.0
139,62bb3061e5133f37b79767fb,2022-06-28T16:46:25.769Z,EFRA#7972,angieberry.eth#9822,for joining today's Comms weekly sync to share updates on everyone's TEAM,,3,,13.0,,,,62bb3002e5133f37b79767af,False,False,False,False,pat.zip (TE Academy)#5266,bear100#9085,teaci#6108,innov8tor3#3988,3.33,10.0
142,62bb383be5133f37b797681b,2022-06-28T17:19:55.704Z,durgadas#9280,Mount Manu#3530,for joining today's Marketing T.E.A.M. weekly sync to share updates on the next newsletter and on the #mintTEC campaign,,3,,13.0,,,,,False,False,False,False,pat.zip (TE Academy)#5266,bear100#9085,teaci#6108,innov8tor3#3988,6.25,10.0
150,62bc7867e5133f37b7976877,2022-06-29T16:05:59.777Z,Zeptimus#3359,bends#3537,for contributing to a productive gravity sync,,3,,13.0,,,,,False,False,False,False,hanners717#2022,divine_comedian#5493,tonga#3112,innov8tor3#3988,6.33,10.0
201,62bde69ce5133f37b7976a59,2022-06-30T18:08:28.886Z,Zeptimus#3359,GideonRo#3175,for his regular and very active engagement in helping Sampo,,3,,13.0,,,,,False,False,False,False,hanners717#2022,divine_comedian#5493,tonga#3112,innov8tor3#3988,12.33,10.0
143,62bb383ce5133f37b7976822,2022-06-28T17:19:56.675Z,enti#1546,Mount Manu#3530,for joining today's Marketing T.E.A.M. weekly sync to share updates on the next newsletter and on the #mintTEC campaign,,3,,13.0,,,,62bb305ee5133f37b79767d1,False,False,False,False,hanners717#2022,bear100#9085,teaci#6108,innov8tor3#3988,3.83,10.0
170,62bcdd85e5133f37b7976921,2022-06-29T23:17:25.878Z,r-x-x#8344,GideonRo#3175,for attending the June 28 Sampo weekly meeting,,3,,13.0,,,,,False,False,False,False,hanners717#2022,bear100#9085,teaci#6108,innov8tor3#3988,5.5,10.0
145,62bb383de5133f37b7976830,2022-06-28T17:19:57.460Z,chuygarcia.eth#6692,Mount Manu#3530,for joining today's Marketing T.E.A.M. weekly sync to share updates on the next newsletter and on the #mintTEC campaign,,3,,13.0,,,,62bb3060e5133f37b79767ed,False,False,False,False,pat.zip (TE Academy)#5266,bear100#9085,teaci#6108,innov8tor3#3988,4.33,10.0
215,62bdea19e5133f37b7976afc,2022-06-30T18:23:21.452Z,enti#1546,acidlazzer#5796,for doing a really great job with the upcomming TEC newsletter,,21,,13.0,,,,,False,False,False,False,hanners717#2022,bear100#9085,teaci#6108,innov8tor3#3988,15.0,8.0
116,62b96741e5133f37b797672a,2022-06-27T08:16:01.283Z,ygg_anderson#4998,freshelle#9882,for mentioning or retweeting TE Commons on the socials the past week! Thank you for helping us grow the Token Engineering Commons community and spreading the message! üôèüèº,,0,,8.0,,,,,False,True,False,False,hanners717#2022,bear100#9085,teaci#6108,innov8tor3#3988,3.0,8.0
104,62b870b3e5133f37b79766c2,2022-06-26T14:44:03.371Z,mattyjee#8621,Vyvy-vi#5040,for creating one of the best community-centric reward systems out there: Praise,,13,,21.0,,,,,False,False,False,False,pat.zip (TE Academy)#5266,bear100#9085,tonga#3112,innov8tor3#3988,59.33,8.0
24,62b0d480a12b884b0d8c1d26,2022-06-20T20:11:44.410Z,SatoriD#2945,solsista#5370,"for flowing Novelty value to the TE Consilience library, and rocking in asynchronous collaboration",,13,,21.0,,,,,False,False,False,False,hanners717#2022,bear100#9085,tonga#3112,innov8tor3#3988,14.0,8.0
105,62b870b3e5133f37b79766c9,2022-06-26T14:44:03.951Z,Nebs#2035,Vyvy-vi#5040,for creating one of the best community-centric reward systems out there: Praise,,13,,21.0,,,,62b4846de5133f37b7976410,False,False,False,False,pat.zip (TE Academy)#5266,bear100#9085,tonga#3112,innov8tor3#3988,53.03,8.0
31,62b211c9e5133f37b7976306,2022-06-21T18:45:29.167Z,thiago.rossi#1714,pat.zip (TE Academy)#5266,for boosting TE Academy discord server üéâüéâ thanks for improving our voice channel qualities!,,21,,13.0,,,,,False,False,False,False,pat.zip (TE Academy)#5266,divine_comedian#5493,teaci#6108,innov8tor3#3988,10.75,8.0
111,62b9673ee5133f37b7976707,2022-06-27T08:15:58.294Z,Parrachia#0450,freshelle#9882,for mentioning or retweeting TE Commons on the socials the past week! Thank you for helping us grow the Token Engineering Commons community and spreading the message! üôèüèº,,0,,8.0,,,,,False,True,False,False,hanners717#2022,bear100#9085,teaci#6108,innov8tor3#3988,3.5,8.0
198,62bde64ee5133f37b7976a3a,2022-06-30T18:07:10.186Z,r-x-x#8344,GideonRo#3175,for rolling up their sleeves and exploring how to use modeling in Sampo,,5,,13.0,,,,62bcdd85e5133f37b7976921,False,False,False,False,hanners717#2022,bear100#9085,teaci#6108,innov8tor3#3988,4.83,8.0
115,62b96740e5133f37b7976723,2022-06-27T08:16:00.537Z,AmwFund#0979,freshelle#9882,for mentioning or retweeting TE Commons on the socials the past week! Thank you for helping us grow the Token Engineering Commons community and spreading the message! üôèüèº,,0,,8.0,,,,,False,True,False,False,pat.zip (TE Academy)#5266,bear100#9085,tonga#3112,innov8tor3#3988,3.0,8.0
66,62b4a5a7e5133f37b79764c6,2022-06-23T17:40:55.767Z,Zeptimus#3359,liviade#1387,for helping me with some technical issues this week,,13,,21.0,,,,,False,False,False,False,hanners717#2022,divine_comedian#5493,tonga#3112,innov8tor3#3988,14.0,8.0
218,62bdea22e5133f37b7976b16,2022-06-30T18:23:30.574Z,Gaian#8075,Tamarandom#9361,jumping up to help. Hard to express how much I apprecaite the enthusiasm and can-do attitude.,,5,,13.0,,,,,False,False,False,False,hanners717#2022,bear100#9085,tonga#3112,innov8tor3#3988,10.33,8.0
153,62bc786ae5133f37b797688c,2022-06-29T16:06:02.924Z,Jeremy&TheGospelOfChange#8201,bends#3537,for contributing to a productive gravity sync,,5,,13.0,,,,,False,False,False,False,hanners717#2022,bear100#9085,tonga#3112,innov8tor3#3988,7.0,8.0
1,62b0346da12b884b0d8c1c5c,2022-06-20T08:48:45.359Z,Parrachia#0450,freshelle#9882,for mentioning or retweeting TE Commons on the socials last week! Thank you for helping us grow the Token Engineering Commons community and spreading the message! üôèüèº,,0,,8.0,,,,,False,True,False,False,hanners717#2022,bear100#9085,teaci#6108,innov8tor3#3988,3.5,8.0
118,62b96742e5133f37b7976738,2022-06-27T08:16:02.237Z,üêô octopus#5508,freshelle#9882,for mentioning or retweeting TE Commons on the socials the past week! Thank you for helping us grow the Token Engineering Commons community and spreading the message! üôèüèº,,0,,8.0,,,,,False,True,False,False,pat.zip (TE Academy)#5266,bear100#9085,tonga#3112,innov8tor3#3988,3.0,8.0
6,62b0346fa12b884b0d8c1c80,2022-06-20T08:48:47.996Z,ygg_anderson#4998,freshelle#9882,for mentioning or retweeting TE Commons on the socials last week! Thank you for helping us grow the Token Engineering Commons community and spreading the message! üôèüèº,,0,,8.0,,,,,False,True,False,False,hanners717#2022,bear100#9085,teaci#6108,innov8tor3#3988,3.0,8.0
120,62b96743e5133f37b7976746,2022-06-27T08:16:03.551Z,WhyldWanderer#7002,freshelle#9882,for mentioning or retweeting TE Commons on the socials the past week! Thank you for helping us grow the Token Engineering Commons community and spreading the message! üôèüèº,,0,,8.0,,,,,False,True,False,False,pat.zip (TE Academy)#5266,bear100#9085,teaci#6108,innov8tor3#3988,2.5,8.0
213,62bde9ece5133f37b7976ae4,2022-06-30T18:22:36.327Z,Tamarandom#9361,acidlazzer#5796,for helping with the upcomming Steward POAP event <3,,13,,21.0,,,,,False,False,False,False,hanners717#2022,divine_comedian#5493,tonga#3112,innov8tor3#3988,14.0,8.0
158,62bc786ee5133f37b79768af,2022-06-29T16:06:06.587Z,BiancaGadelha#2667,bends#3537,for contributing to a productive gravity sync,,5,,13.0,,,,,False,False,False,False,hanners717#2022,bear100#9085,teaci#6108,innov8tor3#3988,6.5,8.0
7,62b03470a12b884b0d8c1c87,2022-06-20T08:48:48.511Z,WhyldWanderer#7002,freshelle#9882,for mentioning or retweeting TE Commons on the socials last week! Thank you for helping us grow the Token Engineering Commons community and spreading the message! üôèüèº,,0,,8.0,,,,,False,True,False,False,pat.zip (TE Academy)#5266,bear100#9085,teaci#6108,innov8tor3#3988,2.5,8.0
86,62b4adc8e5133f37b79765b8,2022-06-23T18:15:36.015Z,Mert Ozd#6679,Tamarandom#9361,Because I really enjoy how thoughtful your comments are in all of our calls.,,13,,21.0,,,,,False,False,False,False,hanners717#2022,divine_comedian#5493,tonga#3112,innov8tor3#3988,14.0,8.0
233,62c09fc550f6e2d7011bf90b,2022-07-02T19:43:01.051Z,kaleverse.ETH#2831,r33pich33p#6906,"for inquiring about how TEC contributors get compensated. Curiousity is the root of all discovery. By embracing our curiousity, we enable ourselves to receive all the knowledge and wisdom the universe has to offer. Ask and ye shall receive. Stay curious. üôÇ üëè <:TEC:835016327542210560>",,3,,8.0,,,,,False,False,False,False,hanners717#2022,bear100#9085,teaci#6108,innov8tor3#3988,5.25,5.0
203,62bde753e5133f37b7976a71,2022-06-30T18:11:31.890Z,durgadas#9280,bends#3537,pushing for uvp input for the gravity website,,8,,13.0,,,,,False,False,False,False,pat.zip (TE Academy)#5266,bear100#9085,teaci#6108,innov8tor3#3988,8.5,5.0
5,62b0346fa12b884b0d8c1c79,2022-06-20T08:48:47.627Z,ALKOHLMIST#0550,freshelle#9882,for mentioning or retweeting TE Commons on the socials last week! Thank you for helping us grow the Token Engineering Commons community and spreading the message! üôèüèº,,3,,8.0,,,,,False,False,False,False,hanners717#2022,divine_comedian#5493,tonga#3112,innov8tor3#3988,4.67,5.0
229,62c0812de5133f37b7976b9b,2022-07-02T17:32:29.642Z,Tamarandom#9361,r-x-x#8344,on great strides toward a sustainable token engineering academy system,,8,,13.0,,,,,False,False,False,False,hanners717#2022,divine_comedian#5493,tonga#3112,innov8tor3#3988,11.33,5.0
88,62b4ae07e5133f37b79765d1,2022-06-23T18:16:39.083Z,Crypto Qu33n#6068,Tamarandom#9361,joining the TEC and staying here to join our Community call and hear more!,,5,,8.0,,,,62b4a692e5133f37b79764fa,False,False,False,False,pat.zip (TE Academy)#5266,divine_comedian#5493,teaci#6108,innov8tor3#3988,4.95,3.0
151,62bc7868e5133f37b797687e,2022-06-29T16:06:00.133Z,durgadas#9280,bends#3537,for contributing to a productive gravity sync,,5,,8.0,,,,,False,False,False,False,pat.zip (TE Academy)#5266,bear100#9085,teaci#6108,innov8tor3#3988,6.5,3.0
117,62b96741e5133f37b7976731,2022-06-27T08:16:01.697Z,Mert Ozd#6679,freshelle#9882,for mentioning or retweeting TE Commons on the socials the past week! Thank you for helping us grow the Token Engineering Commons community and spreading the message! üôèüèº,,5,,8.0,,,,,False,False,False,False,hanners717#2022,divine_comedian#5493,tonga#3112,innov8tor3#3988,5.33,3.0
71,62b4a692e5133f37b79764fa,2022-06-23T17:44:50.156Z,Crypto Qu33n#6068,eduardovegap#0422,for joining orientation call today! Thanks for your questions and interest on our community!,,5,,8.0,,,,,False,False,False,False,pat.zip (TE Academy)#5266,divine_comedian#5493,teaci#6108,innov8tor3#3988,5.5,3.0
122,62b9f0ede5133f37b797675a,2022-06-27T18:03:25.146Z,chuygarcia.eth#6692,acidlazzer#5796,for their participation in the 1Hive Monday Stream üêù,,3,,5.0,,,,,False,False,False,False,pat.zip (TE Academy)#5266,bear100#9085,teaci#6108,innov8tor3#3988,4.75,2.0
21,62b0ac26a12b884b0d8c1d0a,2022-06-20T17:19:34.482Z,chuygarcia.eth#6692,acidlazzer#5796,for joining the weekly animation and video production sync üé•,,3,,5.0,,,,,False,False,False,False,pat.zip (TE Academy)#5266,bear100#9085,teaci#6108,innov8tor3#3988,4.25,2.0
12,62b0a153a12b884b0d8c1cc4,2022-06-20T16:33:23.910Z,chuygarcia.eth#6692,Mount Manu#3530,"For attending the TE Academy's T.E.A.M. weekly sync where we discussed a TEA subsidy, updated working expectations around our new budget, and a revenue-generating idea around this team's upcoming funding proposal.",,3,,5.0,,,,,False,False,False,False,pat.zip (TE Academy)#5266,bear100#9085,teaci#6108,innov8tor3#3988,6.0,2.0
16,62b0ab92a12b884b0d8c1ce4,2022-06-20T17:17:06.992Z,chuygarcia.eth#6692,acidlazzer#5796,for joining the weekly twitter sync üê¶,,3,,5.0,,,,,False,False,False,False,pat.zip (TE Academy)#5266,bear100#9085,teaci#6108,innov8tor3#3988,4.25,2.0
32,62b211c9e5133f37b797630e,2022-06-21T18:45:29.760Z,AnaTech#7412,pat.zip (TE Academy)#5266,for boosting TE Academy discord server üéâüéâ thanks for improving our voice channel qualities!,,8,,,,,,,False,False,False,False,hanners717#2022,divine_comedian#5493,teaci#6108,Mike Brunt#0745,6.33,0.0
181,62bdbfb2e5133f37b7976989,2022-06-30T15:22:26.806Z,zhiwei#1356,divine_comedian#5493,"for the HUGE update on the cross-period analysis graphs in the RAD tool, which allows us to cross analyze quantifer trends and categories in the TEC",,89,,,,,,,False,False,False,False,hanners717#2022,bear100#9085,teaci#6108,Mike Brunt#0745,48.0,0.0
182,62bdbfd3e5133f37b7976995,2022-06-30T15:22:59.596Z,kristofer#1475,divine_comedian#5493,"for their enthusiasm, support and ideas in reformatting the quantifier review session",,8,,,,,,,False,False,False,False,pat.zip (TE Academy)#5266,divine_comedian#5493,teaci#6108,Mike Brunt#0745,12.33,0.0
183,62bdbfd3e5133f37b797699c,2022-06-30T15:22:59.813Z,zhiwei#1356,divine_comedian#5493,"for their enthusiasm, support and ideas in reformatting the quantifier review session",,5,,,,,,,False,False,False,False,hanners717#2022,bear100#9085,teaci#6108,Mike Brunt#0745,11.33,0.0
184,62bdbfd4e5133f37b79769a3,2022-06-30T15:23:00.043Z,pat.zip (TE Academy)#5266,divine_comedian#5493,"for their enthusiasm, support and ideas in reformatting the quantifier review session",,13,,,,,,,False,False,False,False,hanners717#2022,divine_comedian#5493,teaci#6108,Mike Brunt#0745,8.67,0.0
34,62b3417fe5133f37b797635f,2022-06-22T16:21:19.199Z,irenioskamoska#7519,innov8tor3#3988,"for taking the notes at last week's Coordinators meeting last week, and taking the meeting notes, and suggesting some directions for us",,8,,,,,,,False,False,False,False,hanners717#2022,bear100#9085,tonga#3112,Mike Brunt#0745,6.5,0.0
188,62bdc027e5133f37b79769cf,2022-06-30T15:24:23.517Z,eduardovegap#0422,divine_comedian#5493,for hosting the stewards call,,21,,,,62bb2720e5133f37b797679c,,,False,False,False,False,pat.zip (TE Academy)#5266,divine_comedian#5493,teaci#6108,Mike Brunt#0745,6.03,0.0
30,62b211c7e5133f37b79762fe,2022-06-21T18:45:27.833Z,danilowhk#8056,pat.zip (TE Academy)#5266,for boosting TE Academy discord server üéâüéâ thanks for improving our voice channel qualities!,,13,,13.0,,,,,False,False,False,False,hanners717#2022,bear100#9085,tonga#3112,innov8tor3#3988,10.33,0.0
179,62bdbf87e5133f37b7976976,2022-06-30T15:21:43.826Z,mattyjee#8621,divine_comedian#5493,"for their development updates to the praise dashboard, including keyword filters and the ability to replace active quantifiers!",,21,,21.0,,,,,False,False,False,False,pat.zip (TE Academy)#5266,bear100#9085,tonga#3112,innov8tor3#3988,32.33,0.0
189,62bdc054e5133f37b79769db,2022-06-30T15:25:08.907Z,divine_comedian#5493,Mert Ozd#6679,for very extensive review of Proposal Inverter article. I am always amazed with his work ethic and helpfullness,,13,,,,,,,False,False,False,False,pat.zip (TE Academy)#5266,bear100#9085,tonga#3112,Mike Brunt#0745,17.0,0.0
26,62b0d480a12b884b0d8c1d34,2022-06-20T20:11:44.972Z,stef#9877,solsista#5370,"for flowing Novelty value to the TE Consilience library, and rocking in asynchronous collaboration",,5,,,,,,,False,False,False,False,pat.zip (TE Academy)#5266,divine_comedian#5493,teaci#6108,Mike Brunt#0745,6.0,0.0
191,62bde59be5133f37b79769f3,2022-06-30T18:04:11.599Z,bear100#9085,GideonRo#3175,for being such a great partner in organizing Sampo,,8,,,,,,,False,False,False,False,pat.zip (TE Academy)#5266,divine_comedian#5493,tonga#3112,Mike Brunt#0745,10.5,0.0
23,62b0b730a12b884b0d8c1d1c,2022-06-20T18:06:40.721Z,divine_comedian#5493,innov8tor3#3988,"for stepping in during mass Source Cred accreditation, to set up ""unruly"" accounts for praise; it will make a personal difference, thank you, and that's a wonderful thing!",,21,,,,,,,False,False,False,False,pat.zip (TE Academy)#5266,bear100#9085,tonga#3112,Mike Brunt#0745,21.0,0.0
22,62b0ac26a12b884b0d8c1d11,2022-06-20T17:19:34.764Z,EFRA#7972,acidlazzer#5796,for joining the weekly animation and video production sync üé•,,3,,3.0,,,,,False,False,False,False,pat.zip (TE Academy)#5266,bear100#9085,teaci#6108,innov8tor3#3988,3.75,0.0
194,62bde5fbe5133f37b7976a12,2022-06-30T18:05:47.633Z,enti#1546,GideonRo#3175,"for organizing the Sampo Clarity base, thinking through roles and permissions, brainstorming options for Clarity pricing",,34,,34.0,,,,,False,False,False,False,hanners717#2022,bear100#9085,teaci#6108,innov8tor3#3988,19.0,0.0
180,62bdbf88e5133f37b797697d,2022-06-30T15:21:44.311Z,Nebs#2035,divine_comedian#5493,"for their development updates to the praise dashboard, including keyword filters and the ability to replace active quantifiers!",,21,,21.0,,,,,False,False,False,False,pat.zip (TE Academy)#5266,bear100#9085,tonga#3112,innov8tor3#3988,25.33,0.0
82,62b4ad5be5133f37b7976588,2022-06-23T18:13:47.447Z,GideonRo#3175,Tamarandom#9361,Our weekly ran a half our over but the conversation was so engaging and far reaching we just could not stop.,,3,,,,,,,False,False,False,False,hanners717#2022,divine_comedian#5493,tonga#3112,Mike Brunt#0745,8.0,0.0
195,62bde5fce5133f37b7976a19,2022-06-30T18:05:48.262Z,bear100#9085,GideonRo#3175,"for organizing the Sampo Clarity base, thinking through roles and permissions, brainstorming options for Clarity pricing",,13,,,,,,,False,False,False,False,pat.zip (TE Academy)#5266,divine_comedian#5493,tonga#3112,Mike Brunt#0745,13.0,0.0
168,62bcdd84e5133f37b7976913,2022-06-29T23:17:24.486Z,chuygarcia.eth#6692,GideonRo#3175,for attending the June 28 Sampo weekly meeting,,3,,3.0,,,,,False,False,False,False,pat.zip (TE Academy)#5266,bear100#9085,teaci#6108,innov8tor3#3988,3.75,0.0
161,62bc941be5133f37b79768d3,2022-06-29T18:04:11.627Z,divine_comedian#5493,iviangita#3204,for integrating the updated TEC Covenant in the Gardens,,13,,,,,,,False,False,False,False,pat.zip (TE Academy)#5266,bear100#9085,tonga#3112,Mike Brunt#0745,13.0,0.0
162,62bcdd81e5133f37b79768e9,2022-06-29T23:17:21.891Z,Zeptimus#3359,GideonRo#3175,for attending the June 28 Sampo weekly meeting,,3,,3.0,,,,,False,False,False,False,hanners717#2022,divine_comedian#5493,tonga#3112,innov8tor3#3988,3.67,0.0
163,62bcdd82e5133f37b79768f0,2022-06-29T23:17:22.118Z,divine_comedian#5493,GideonRo#3175,for attending the June 28 Sampo weekly meeting,,3,,,,,,,False,False,False,False,pat.zip (TE Academy)#5266,bear100#9085,tonga#3112,Mike Brunt#0745,4.0,0.0
164,62bcdd82e5133f37b79768f7,2022-06-29T23:17:22.368Z,r33pich33p#6906,GideonRo#3175,for attending the June 28 Sampo weekly meeting,,3,,,,,,,False,False,False,False,hanners717#2022,bear100#9085,tonga#3112,Mike Brunt#0745,3.0,0.0
165,62bcdd83e5133f37b79768fe,2022-06-29T23:17:23.241Z,Crypto Zach#6753,GideonRo#3175,for attending the June 28 Sampo weekly meeting,,3,,,,,,,False,False,False,False,hanners717#2022,divine_comedian#5493,teaci#6108,Mike Brunt#0745,2.33,0.0
166,62bcdd83e5133f37b7976905,2022-06-29T23:17:23.770Z,natesuits#4789,GideonRo#3175,for attending the June 28 Sampo weekly meeting,,3,,,,,,,False,False,False,False,pat.zip (TE Academy)#5266,bear100#9085,teaci#6108,Mike Brunt#0745,3.0,0.0
167,62bcdd84e5133f37b797690c,2022-06-29T23:17:24.271Z,enti#1546,GideonRo#3175,for attending the June 28 Sampo weekly meeting,,3,,3.0,,,,,False,False,False,False,hanners717#2022,bear100#9085,teaci#6108,innov8tor3#3988,2.5,0.0
169,62bcdd85e5133f37b797691a,2022-06-29T23:17:25.482Z,Tamarandom#9361,GideonRo#3175,for attending the June 28 Sampo weekly meeting,,3,,3.0,,,,,False,False,False,False,hanners717#2022,divine_comedian#5493,tonga#3112,innov8tor3#3988,3.0,0.0
177,62bcdde2e5133f37b7976958,2022-06-29T23:18:58.475Z,Gaian#8075,GideonRo#3175,for attending the June 29 Sampo treasury management call,,3,,3.0,,,,,False,False,False,False,hanners717#2022,bear100#9085,tonga#3112,innov8tor3#3988,3.0,0.0
35,62b35690e5133f37b7976370,2022-06-22T17:51:12.578Z,divine_comedian#5493,innov8tor3#3988,for his supportive help with praise giving R13,,8,,,,,,,False,False,False,False,pat.zip (TE Academy)#5266,bear100#9085,tonga#3112,Mike Brunt#0745,14.5,0.0
171,62bcdd86e5133f37b7976928,2022-06-29T23:17:26.781Z,bear100#9085,GideonRo#3175,for attending the June 28 Sampo weekly meeting,,3,,,,,,,False,False,False,False,pat.zip (TE Academy)#5266,divine_comedian#5493,tonga#3112,Mike Brunt#0745,5.5,0.0
172,62bcdd87e5133f37b797692f,2022-06-29T23:17:27.061Z,ShahinMridha#9154,GideonRo#3175,for attending the June 28 Sampo weekly meeting,,3,,3.0,,,,,False,False,False,False,hanners717#2022,bear100#9085,teaci#6108,innov8tor3#3988,2.5,0.0
173,62bcdd89e5133f37b7976936,2022-06-29T23:17:29.718Z,Gaian#8075,GideonRo#3175,for attending the June 28 Sampo weekly meeting,,3,,3.0,,,,,False,False,False,False,hanners717#2022,bear100#9085,tonga#3112,innov8tor3#3988,3.0,0.0
174,62bcdde1e5133f37b7976943,2022-06-29T23:18:57.863Z,Zeptimus#3359,GideonRo#3175,for attending the June 29 Sampo treasury management call,,3,,3.0,,,,,False,False,False,False,hanners717#2022,divine_comedian#5493,tonga#3112,innov8tor3#3988,3.67,0.0
175,62bcdde2e5133f37b797694a,2022-06-29T23:18:58.071Z,enti#1546,GideonRo#3175,for attending the June 29 Sampo treasury management call,,3,,3.0,,,,,False,False,False,False,hanners717#2022,bear100#9085,teaci#6108,innov8tor3#3988,3.0,0.0
176,62bcdde2e5133f37b7976951,2022-06-29T23:18:58.278Z,bear100#9085,GideonRo#3175,for attending the June 29 Sampo treasury management call,,3,,,,,,,False,False,False,False,pat.zip (TE Academy)#5266,divine_comedian#5493,tonga#3112,Mike Brunt#0745,5.5,0.0
178,62bdbf87e5133f37b797696f,2022-06-30T15:21:43.211Z,kristofer#1475,divine_comedian#5493,"for their development updates to the praise dashboard, including keyword filters and the ability to replace active quantifiers!",,89,,,,,,,False,False,False,False,pat.zip (TE Academy)#5266,divine_comedian#5493,teaci#6108,Mike Brunt#0745,50.67,0.0
20,62b0ac26a12b884b0d8c1d03,2022-06-20T17:19:34.177Z,johnjonas#2307,acidlazzer#5796,for joining the weekly animation and video production sync üé•,,3,,3.0,,,,,False,False,False,False,hanners717#2022,divine_comedian#5493,teaci#6108,innov8tor3#3988,3.0,0.0
37,62b371a2e5133f37b7976388,2022-06-22T19:46:42.484Z,divine_comedian#5493,Tamarandom#9361,"for wrangling the sourcecred integration into our reward system. As ususal, clear instructions.",,21,,,,62b0b730a12b884b0d8c1d1c,,,False,False,False,False,pat.zip (TE Academy)#5266,bear100#9085,tonga#3112,Mike Brunt#0745,7.55,0.0
8,62b03472a12b884b0d8c1c8f,2022-06-20T08:48:50.180Z,paul2#3057,freshelle#9882,for mentioning or retweeting TE Commons on the socials last week! Thank you for helping us grow the Token Engineering Commons community and spreading the message! üôèüèº,,0,,,,,,,False,True,False,False,pat.zip (TE Academy)#5266,bear100#9085,teaci#6108,Mike Brunt#0745,0.67,0.0
219,62bdea8be5133f37b7976b22,2022-06-30T18:25:15.037Z,eduardovegap#0422,acidlazzer#5796,for working with me in the new TE Flower,,8,,,,,,,False,False,False,False,pat.zip (TE Academy)#5266,divine_comedian#5493,teaci#6108,Mike Brunt#0745,8.67,0.0
220,62bdeaaee5133f37b7976b2e,2022-06-30T18:25:50.571Z,Juankbell#7458,acidlazzer#5796,for being an awesome Gravity steward and the great work he does with the Graviton training,,21,,,,62bc77bee5133f37b797686b,,,False,False,False,False,hanners717#2022,divine_comedian#5493,tonga#3112,Mike Brunt#0745,7.55,0.0
10,62b0a153a12b884b0d8c1cb6,2022-06-20T16:33:23.014Z,Mount Manu#3530,Mount Manu#3530,"For attending the TE Academy's T.E.A.M. weekly sync where we discussed a TEA subsidy, updated working expectations around our new budget, and a revenue-generating idea around this team's upcoming funding proposal.",,3,,,,,,,False,False,False,False,hanners717#2022,bear100#9085,tonga#3112,Mike Brunt#0745,4.0,0.0
9,62b086e7a12b884b0d8c1cac,2022-06-20T14:40:39.183Z,eduardovegap#0422,liviade#1387,for hosting the soft gov call and presenting updates on the community call while I was on vacay!,,8,,,,,,,False,False,False,False,pat.zip (TE Academy)#5266,divine_comedian#5493,teaci#6108,Mike Brunt#0745,11.33,0.0
223,62be0401e5133f37b7976b57,2022-06-30T20:13:53.319Z,angieberry.eth#9822,AnnAnna#4694,facilitating a call about Mental Health- From my point of view it looked a lot like a group therapy.üôè ‚úÖ,,13,,,,,,,False,False,False,False,pat.zip (TE Academy)#5266,divine_comedian#5493,tonga#3112,Mike Brunt#0745,23.5,0.0
224,62be0401e5133f37b7976b5e,2022-06-30T20:13:53.538Z,BiancaGadelha#2667,AnnAnna#4694,facilitating a call about Mental Health- From my point of view it looked a lot like a group therapy.üôè ‚úÖ,,21,,21.0,,,,62bde81de5133f37b7976a84,False,False,False,False,hanners717#2022,bear100#9085,teaci#6108,innov8tor3#3988,11.03,0.0
226,62c07f97e5133f37b7976b77,2022-07-02T17:25:43.701Z,GideonRo#3175,r-x-x#8344,for his great ideas on new streams of funding for transparency,,8,,,,,,,False,False,False,False,hanners717#2022,divine_comedian#5493,tonga#3112,Mike Brunt#0745,8.0,0.0
217,62bdea22e5133f37b7976b0f,2022-06-30T18:23:30.319Z,r33pich33p#6906,Tamarandom#9361,jumping up to help. Hard to express how much I apprecaite the enthusiasm and can-do attitude.,,8,,,,,,,False,False,False,False,hanners717#2022,bear100#9085,tonga#3112,Mike Brunt#0745,6.5,0.0
227,62c08001e5133f37b7976b83,2022-07-02T17:27:29.721Z,bear100#9085,r-x-x#8344,for his level-headedness and drive in recent transparency and sampo projects,,8,,,,,,,False,False,False,False,pat.zip (TE Academy)#5266,divine_comedian#5493,tonga#3112,Mike Brunt#0745,10.5,0.0
4,62b0346ea12b884b0d8c1c71,2022-06-20T08:48:46.439Z,innov8tor3#3988,freshelle#9882,for mentioning or retweeting TE Commons on the socials last week! Thank you for helping us grow the Token Engineering Commons community and spreading the message! üôèüèº,,0,,,,,,,False,True,False,False,pat.zip (TE Academy)#5266,bear100#9085,tonga#3112,Mike Brunt#0745,0.5,0.0
3,62b0346ea12b884b0d8c1c6a,2022-06-20T08:48:46.136Z,natesuits#4789,freshelle#9882,for mentioning or retweeting TE Commons on the socials last week! Thank you for helping us grow the Token Engineering Commons community and spreading the message! üôèüèº,,0,,,,,,,False,True,False,False,pat.zip (TE Academy)#5266,bear100#9085,teaci#6108,Mike Brunt#0745,0.67,0.0
2,62b0346da12b884b0d8c1c63,2022-06-20T08:48:45.854Z,GideonRo#3175,freshelle#9882,for mentioning or retweeting TE Commons on the socials last week! Thank you for helping us grow the Token Engineering Commons community and spreading the message! üôèüèº,,3,,,,,,,False,False,False,False,hanners717#2022,divine_comedian#5493,tonga#3112,Mike Brunt#0745,3.0,0.0
231,62c08160e5133f37b7976bae,2022-07-02T17:33:20.654Z,bear100#9085,r-x-x#8344,on great work moving Transparency data onto standard formats,,8,,,,,,,False,False,False,False,pat.zip (TE Academy)#5266,divine_comedian#5493,tonga#3112,Mike Brunt#0745,14.5,0.0
232,62c08266e5133f37b7976bbb,2022-07-02T17:37:42.349Z,TEC Praise Bot#3550,r-x-x#8344,on brainstorming some of architectures for cost-saving projects with me,,0,,,,,,,False,True,False,False,hanners717#2022,bear100#9085,tonga#3112,Mike Brunt#0745,6.5,0.0
11,62b0a153a12b884b0d8c1cbd,2022-06-20T16:33:23.685Z,angieberry.eth#9822,Mount Manu#3530,"For attending the TE Academy's T.E.A.M. weekly sync where we discussed a TEA subsidy, updated working expectations around our new budget, and a revenue-generating idea around this team's upcoming funding proposal.",,3,,,,,,,False,False,False,False,pat.zip (TE Academy)#5266,divine_comedian#5493,tonga#3112,Mike Brunt#0745,5.5,0.0
216,62bdea19e5133f37b7976b03,2022-06-30T18:23:21.700Z,Mount Manu#3530,acidlazzer#5796,for doing a really great job with the upcomming TEC newsletter,,21,,,,,,,False,False,False,False,hanners717#2022,bear100#9085,tonga#3112,Mike Brunt#0745,17.0,0.0
19,62b0ac25a12b884b0d8c1cfc,2022-06-20T17:19:33.972Z,angieberry.eth#9822,acidlazzer#5796,for joining the weekly animation and video production sync üé•,,3,,,,,,,False,False,False,False,pat.zip (TE Academy)#5266,divine_comedian#5493,tonga#3112,Mike Brunt#0745,5.5,0.0
206,62bde8f4e5133f37b7976a90,2022-06-30T18:18:28.926Z,eduardovegap#0422,bends#3537,for a friendly hello after accidental vc drop in!,,5,,,,,,,False,False,False,False,pat.zip (TE Academy)#5266,divine_comedian#5493,teaci#6108,Mike Brunt#0745,3.67,0.0
18,62b0ac25a12b884b0d8c1cf5,2022-06-20T17:19:33.723Z,alantv#0964,acidlazzer#5796,for joining the weekly animation and video production sync üé•,,3,,3.0,,,,,False,False,False,False,hanners717#2022,bear100#9085,teaci#6108,innov8tor3#3988,3.0,0.0
17,62b0ac25a12b884b0d8c1cee,2022-06-20T17:19:33.472Z,Mount Manu#3530,acidlazzer#5796,for joining the weekly animation and video production sync üé•,,3,,,,,,,False,False,False,False,hanners717#2022,bear100#9085,tonga#3112,Mike Brunt#0745,4.0,0.0
202,62bde72be5133f37b7976a65,2022-06-30T18:10:51.739Z,Juankbell#7458,bends#3537,all his hardwork in gravity and his work with the aragon team,,21,,,,,,,False,False,False,False,hanners717#2022,divine_comedian#5493,tonga#3112,Mike Brunt#0745,17.0,0.0
15,62b0ab92a12b884b0d8c1cdd,2022-06-20T17:17:06.758Z,angieberry.eth#9822,acidlazzer#5796,for joining the weekly twitter sync üê¶,,3,,,,,,,False,False,False,False,pat.zip (TE Academy)#5266,divine_comedian#5493,tonga#3112,Mike Brunt#0745,5.5,0.0
204,62bde81ce5133f37b7976a7d,2022-06-30T18:14:52.795Z,angieberry.eth#9822,bends#3537,setting up and promoting mental health check-in sessions,,13,,,,,,,False,False,False,False,pat.zip (TE Academy)#5266,divine_comedian#5493,tonga#3112,Mike Brunt#0745,17.0,0.0
205,62bde81de5133f37b7976a84,2022-06-30T18:14:53.063Z,BiancaGadelha#2667,bends#3537,setting up and promoting mental health check-in sessions,,21,,21.0,,,,,False,False,False,False,hanners717#2022,bear100#9085,teaci#6108,innov8tor3#3988,15.75,0.0
207,62bde91de5133f37b7976a9c,2022-06-30T18:19:09.232Z,divine_comedian#5493,bends#3537,for praise activation support,,8,,,,,,,False,False,False,False,pat.zip (TE Academy)#5266,bear100#9085,tonga#3112,Mike Brunt#0745,8.0,0.0
214,62bde9f1e5133f37b7976af0,2022-06-30T18:22:41.739Z,GideonRo#3175,Tamarandom#9361,the discussions around TE Services and the TE Service Demansd Board,,8,,,,,,,False,False,False,False,hanners717#2022,divine_comedian#5493,tonga#3112,Mike Brunt#0745,10.5,0.0
208,62bde950e5133f37b7976aa8,2022-06-30T18:20:00.743Z,Leen#8610,bends#3537,for leading a great graviton training session on deep democracy,,13,,,,,,,False,False,False,False,hanners717#2022,divine_comedian#5493,tonga#3112,Mike Brunt#0745,10.5,0.0
209,62bde96de5133f37b7976ab4,2022-06-30T18:20:29.089Z,eduardovegap#0422,Tamarandom#9361,for facilitating the Stewards weekly so well and keeping the WG forward momentum.,,21,,,,62bb2720e5133f37b797679c,,,False,False,False,False,pat.zip (TE Academy)#5266,divine_comedian#5493,teaci#6108,Mike Brunt#0745,6.03,0.0
210,62bde984e5133f37b7976ac0,2022-06-30T18:20:52.454Z,acidlazzer#5796,Tamarandom#9361,for helping produce a very cool 2002 Steward POAP. üî•,,34,,,,,,,False,False,False,False,hanners717#2022,divine_comedian#5493,teaci#6108,Mike Brunt#0745,18.33,0.0
14,62b0ab91a12b884b0d8c1cd6,2022-06-20T17:17:05.908Z,Mount Manu#3530,acidlazzer#5796,for joining the weekly twitter sync üê¶,,3,,,,,,,False,False,False,False,hanners717#2022,bear100#9085,tonga#3112,Mike Brunt#0745,3.0,0.0
212,62bde9c5e5133f37b7976ad8,2022-06-30T18:21:57.770Z,angieberry.eth#9822,acidlazzer#5796,for doing an awesome  work with TE Academy communications,,5,,,,,,,False,False,False,False,pat.zip (TE Academy)#5266,divine_comedian#5493,tonga#3112,Mike Brunt#0745,13.0,0.0
13,62b0a155a12b884b0d8c1ccc,2022-06-20T16:33:25.463Z,AnaTech#7412,Mount Manu#3530,"For attending the TE Academy's T.E.A.M. weekly sync where we discussed a TEA subsidy, updated working expectations around our new budget, and a revenue-generating idea around this team's upcoming funding proposal.",,3,,,,,,,False,False,False,False,hanners717#2022,divine_comedian#5493,teaci#6108,Mike Brunt#0745,4.67,0.0
36,62b35705e5133f37b797637c,2022-06-22T17:53:09.237Z,kristofer#1475,innov8tor3#3988,"for his smart work round on praise quants, I almost feel like a developer! (Not really!)",,21,,,,,,,False,False,False,False,pat.zip (TE Academy)#5266,divine_comedian#5493,teaci#6108,Mike Brunt#0745,13.0,0.0
38,62b374c0e5133f37b7976394,2022-06-22T20:00:00.479Z,Zeptimus#3359,divine_comedian#5493,for coming to the weekly rewards WG sync!,,3,,3.0,,,,,False,False,False,False,hanners717#2022,divine_comedian#5493,tonga#3112,innov8tor3#3988,3.0,0.0
83,62b4ad6fe5133f37b7976594,2022-06-23T18:14:07.947Z,akrtws (TE Academy)#4246,Tamarandom#9361,"For your advice process on TE demand service we are fleshing out, for your enthusiastic support and brainstorm possible consulting firms as alliance partners for a pilot.",,13,,,,,,,False,False,False,False,pat.zip (TE Academy)#5266,divine_comedian#5493,teaci#6108,Mike Brunt#0745,13.0,0.0
101,62b76359e5133f37b79766a3,2022-06-25T19:34:49.250Z,gritty67#0518,pat.zip (TE Academy)#5266,"Thank you for preparing and hosting session #8 of TE360, reading Should Product-Market Fit Come Before Tokens? by Trent McConaghy with their local community. This makes Token Engineering discipline reach more parts of the world and enriches it with local perspectives!",,34,,34.0,,,,,False,False,False,False,pat.zip (TE Academy)#5266,bear100#9085,teaci#6108,innov8tor3#3988,26.75,0.0
103,62b870b2e5133f37b79766bb,2022-06-26T14:44:02.743Z,kristofer#1475,Vyvy-vi#5040,for creating one of the best community-centric reward systems out there: Praise,,89,,,,,,,False,False,False,False,pat.zip (TE Academy)#5266,divine_comedian#5493,teaci#6108,Mike Brunt#0745,82.0,0.0
73,62b4acc3e5133f37b7976521,2022-06-23T18:11:15.297Z,natesuits#4789,Tamarandom#9361,"thoughtful observations, constructive attitude and the way he communicates with tact and diplomacy.",,13,,,,,,,False,False,False,False,pat.zip (TE Academy)#5266,bear100#9085,teaci#6108,Mike Brunt#0745,13.0,0.0
106,62b8712be5133f37b79766d5,2022-06-26T14:46:03.509Z,divine_comedian#5493,Vyvy-vi#5040,for managing praise quantifiers and pushing forward sourcecred activations in the community,,34,,,,,,,False,False,False,False,pat.zip (TE Academy)#5266,bear100#9085,tonga#3112,Mike Brunt#0745,27.5,0.0
107,62b8714fe5133f37b79766e1,2022-06-26T14:46:39.817Z,hz#8826,Vyvy-vi#5040,for setting up a SourceCred instance for the TEC,,21,,,,,,,False,False,False,False,pat.zip (TE Academy)#5266,divine_comedian#5493,teaci#6108,Mike Brunt#0745,22.67,0.0
108,62b87150e5133f37b79766e8,2022-06-26T14:46:40.321Z,mateodaza#3156,Vyvy-vi#5040,for setting up a SourceCred instance for the TEC,,21,,21.0,,,,,False,False,False,False,pat.zip (TE Academy)#5266,divine_comedian#5493,tonga#3112,innov8tor3#3988,25.33,0.0
109,62b87196e5133f37b79766f4,2022-06-26T14:47:50.105Z,kristofer#1475,Vyvy-vi#5040,for turning the praise application into something that other communities are very interested in. Gnosis x Praise üöÄ,,89,,,,62b870b2e5133f37b79766bb,,,False,False,False,False,pat.zip (TE Academy)#5266,divine_comedian#5493,teaci#6108,Mike Brunt#0745,23.97,0.0
70,62b4a690e5133f37b79764f2,2022-06-23T17:44:48.512Z,Santana22#4210,eduardovegap#0422,for joining orientation call today! Thanks for your questions and interest on our community!,,3,,,,,,,False,False,False,False,hanners717#2022,divine_comedian#5493,tonga#3112,Mike Brunt#0745,3.0,0.0
69,62b4a61be5133f37b79764e5,2022-06-23T17:42:51.787Z,iviangita#3204,liviade#1387,"for her consistent sharing of the community call agenda, always offering support and reminding us to update our slides. <3",,21,,21.0,,,,,False,False,False,False,pat.zip (TE Academy)#5266,divine_comedian#5493,tonga#3112,innov8tor3#3988,25.33,0.0
112,62b9673ee5133f37b797670e,2022-06-27T08:15:58.959Z,logonaut.eth#9437,freshelle#9882,for mentioning or retweeting TE Commons on the socials the past week! Thank you for helping us grow the Token Engineering Commons community and spreading the message! üôèüèº,,0,,,,,,,False,True,False,False,pat.zip (TE Academy)#5266,bear100#9085,tonga#3112,Mike Brunt#0745,0.5,0.0
113,62b9673fe5133f37b7976715,2022-06-27T08:15:59.639Z,natesuits#4789,freshelle#9882,for mentioning or retweeting TE Commons on the socials the past week! Thank you for helping us grow the Token Engineering Commons community and spreading the message! üôèüèº,,0,,,,,,,False,True,False,False,pat.zip (TE Academy)#5266,bear100#9085,teaci#6108,Mike Brunt#0745,0.67,0.0
114,62b96740e5133f37b797671c,2022-06-27T08:16:00.183Z,acidlazzer#5796,freshelle#9882,for mentioning or retweeting TE Commons on the socials the past week! Thank you for helping us grow the Token Engineering Commons community and spreading the message! üôèüèº,,5,,,,,,,False,False,False,False,hanners717#2022,divine_comedian#5493,teaci#6108,Mike Brunt#0745,3.0,0.0
67,62b4a5a8e5133f37b79764cd,2022-06-23T17:40:56.027Z,divine_comedian#5493,liviade#1387,for helping me with some technical issues this week,,8,,,,,,,False,False,False,False,pat.zip (TE Academy)#5266,bear100#9085,tonga#3112,Mike Brunt#0745,8.0,0.0
65,62b4a52be5133f37b79764ba,2022-06-23T17:38:51.926Z,GideonRo#3175,liviade#1387,for the way he does advice process. Important opinions have been taken into consideration and still the projects he's leading are moving with a good pace and flow.,,5,,,,,,,False,False,False,False,hanners717#2022,divine_comedian#5493,tonga#3112,Mike Brunt#0745,6.5,0.0
63,62b4a441e5133f37b79764a2,2022-06-23T17:34:57.220Z,akrtws (TE Academy)#4246,liviade#1387,for guiding the state of token engineering education like no one else. It's imeasurable the value she brings to the crypto economic space.,,13,,,,,,,False,False,False,False,pat.zip (TE Academy)#5266,divine_comedian#5493,teaci#6108,Mike Brunt#0745,27.0,0.0
61,62b49d17e5133f37b797648a,2022-06-23T17:04:23.607Z,liviade#1387,GideonRo#3175,for facilitating an important conversation around the cultural considerations of token gating our Discord server,,8,,,,,,,False,False,False,False,hanners717#2022,divine_comedian#5493,tonga#3112,Mike Brunt#0745,8.0,0.0
102,62b7637ae5133f37b79766af,2022-06-25T19:35:22.764Z,Davide | ValueUnbanking#1449,pat.zip (TE Academy)#5266,"Thank you for preparing and hosting session #5 of TE360, reading Cryptonetwork Governance as Capital - Joel Montenegro with their local community. This makes Token Engineering discipline reach more parts of the world and enriches it with local perspectives!",,34,,34.0,,,,,False,False,False,False,pat.zip (TE Academy)#5266,divine_comedian#5493,tonga#3112,innov8tor3#3988,34.0,0.0
74,62b4acd1e5133f37b797652d,2022-06-23T18:11:29.430Z,natesuits#4789,Tamarandom#9361,"For being ready, willing and able to present again for Stewards in today‚Äôs Community call.",,8,,,,,,,False,False,False,False,pat.zip (TE Academy)#5266,bear100#9085,teaci#6108,Mike Brunt#0745,8.67,0.0
157,62bc786de5133f37b79768a8,2022-06-29T16:06:05.846Z,bear100#9085,bends#3537,for contributing to a productive gravity sync,,3,,,,,,,False,False,False,False,pat.zip (TE Academy)#5266,divine_comedian#5493,tonga#3112,Mike Brunt#0745,5.5,0.0
99,62b7618ae5133f37b7976689,2022-06-25T19:27:06.821Z,enti#1546,pat.zip (TE Academy)#5266,"Thank you for preparing and hosting session #2 of TE360, reading The meaning of decentralization - Vitalik Buterin with their local community. This makes Token Engineering discipline reach more parts of the world and enriches it with local perspectives!",,34,,34.0,,,,,False,False,False,False,hanners717#2022,bear100#9085,teaci#6108,innov8tor3#3988,21.0,0.0
84,62b4ada2e5133f37b79765a0,2022-06-23T18:14:58.471Z,eduardovegap#0422,Tamarandom#9361,For allowing me the pleasure to co-steward Communitas with you for so long! I‚Äôm stepping down knowing Communitas is in such good hands.,,13,,,,,,,False,False,False,False,pat.zip (TE Academy)#5266,divine_comedian#5493,teaci#6108,Mike Brunt#0745,29.67,0.0
85,62b4adb4e5133f37b79765ac,2022-06-23T18:15:16.511Z,eduardovegap#0422,Tamarandom#9361,For facilitating the Sprint Retrospective today.,,21,,,,62b48e5ee5133f37b797645a,,,False,False,False,False,pat.zip (TE Academy)#5266,divine_comedian#5493,teaci#6108,Mike Brunt#0745,10.37,0.0
80,62b4ad4de5133f37b7976575,2022-06-23T18:13:33.896Z,GideonRo#3175,Tamarandom#9361,Rolling up our sleeves on the ‚Äústill to be named‚Äù Token Engineering Schilling Point service with me. I‚Äôm partial to TE Services Board these days,,21,,,,,,,False,False,False,False,hanners717#2022,divine_comedian#5493,tonga#3112,Mike Brunt#0745,14.5,0.0
79,62b4ad1ce5133f37b7976569,2022-06-23T18:12:44.868Z,kristofer#1475,Tamarandom#9361,Your advice and soundboarding has been a terrific help to me multiple times. Thank you for being there for me.,,8,,,,,,,False,False,False,False,pat.zip (TE Academy)#5266,divine_comedian#5493,teaci#6108,Mike Brunt#0745,12.33,0.0
78,62b4ad11e5133f37b797655d,2022-06-23T18:12:33.705Z,divine_comedian#5493,Tamarandom#9361,"Yeah, sourccred integration! üé∏",,21,,,,62b0b730a12b884b0d8c1d1c,,,False,False,False,False,pat.zip (TE Academy)#5266,bear100#9085,tonga#3112,Mike Brunt#0745,7.55,0.0
89,62b4ae6ee5133f37b79765dd,2022-06-23T18:18:22.669Z,liviade#1387,Tamarandom#9361,bringing out my sense of humor and always being ready for a side splitting laugh.,,3,,,,,,,False,False,False,False,hanners717#2022,divine_comedian#5493,tonga#3112,Mike Brunt#0745,4.0,0.0
90,62b4aeeee5133f37b79765e9,2022-06-23T18:20:30.310Z,natesuits#4789,Tamarandom#9361,"Yeah! Exactly as expected, you presented the Stewards WG so well today!!",,8,,,,,,,False,False,False,False,pat.zip (TE Academy)#5266,bear100#9085,teaci#6108,Mike Brunt#0745,8.67,0.0
91,62b4b9efe5133f37b797660e,2022-06-23T19:07:27.059Z,Griff üî•AFK till Sept 15üî•#8888,ShahinMridha#9154,you are doing grerat job.,,34,,,,62b4acfbe5133f37b7976551,,,False,False,False,False,pat.zip (TE Academy)#5266,bear100#9085,tonga#3112,Mike Brunt#0745,8.2,0.0
77,62b4acfbe5133f37b7976551,2022-06-23T18:12:11.504Z,Griff üî•AFK till Sept 15üî•#8888,Tamarandom#9361,"No one really knows how much you do behind the scenes. I only have a small window and even that requires superhuman effort. Thank you for all the calls you take with me at your 5 or 5:30am, Griff.",,34,,,,,,,False,False,False,False,pat.zip (TE Academy)#5266,bear100#9085,tonga#3112,Mike Brunt#0745,61.5,0.0
76,62b4acede5133f37b7976545,2022-06-23T18:11:57.978Z,karmaticacid | AFK til Sept 12#1218,Tamarandom#9361,She is a great role model in our ecosystem: She executes so effectively and does so with much compassion and humility. It is such a rare skill.,,21,,,,,,,False,False,False,False,pat.zip (TE Academy)#5266,divine_comedian#5493,teaci#6108,Mike Brunt#0745,25.33,0.0
94,62b5ef1ae5133f37b7976637,2022-06-24T17:06:34.918Z,eduardovegap#0422,Tamarandom#9361,"facilitating the Sprint Planning with such a calm, respectful and inquisitive attitude. This is a real pleasure to spend time in this call. You are the best. A total natural leader and team facilitator.",,13,,,,,,,False,False,False,False,pat.zip (TE Academy)#5266,divine_comedian#5493,teaci#6108,Mike Brunt#0745,22.67,0.0
95,62b5f1cae5133f37b7976643,2022-06-24T17:18:02.588Z,Costa#7828,Tamarandom#9361,for being the Lord of Github!,,5,,,,,,,False,False,False,False,hanners717#2022,divine_comedian#5493,teaci#6108,Mike Brunt#0745,6.0,0.0
96,62b5fb8ee5133f37b797664f,2022-06-24T17:59:42.501Z,natesuits#4789,pat.zip (TE Academy)#5266,for proactively revising carefully TE Academy Newsletter draft for the second time! üôè,,13,,,,,,,False,False,False,False,pat.zip (TE Academy)#5266,bear100#9085,teaci#6108,Mike Brunt#0745,18.33,0.0
97,62b5fdc1e5133f37b797665b,2022-06-24T18:09:05.939Z,angieberry.eth#9822,pat.zip (TE Academy)#5266,for working on a great selection of memes to engage TE Academy's twitter!,,5,,,,,,,False,False,False,False,pat.zip (TE Academy)#5266,divine_comedian#5493,tonga#3112,Mike Brunt#0745,9.0,0.0
75,62b4ace1e5133f37b7976539,2022-06-23T18:11:45.786Z,liviade#1387,Tamarandom#9361,"human2human support. I know I can share anything with you. Whatever my mood. And always, always sharing so many laughs with me.",,5,,,,,,,False,False,False,False,hanners717#2022,divine_comedian#5493,tonga#3112,Mike Brunt#0745,6.5,0.0
119,62b96742e5133f37b797673f,2022-06-27T08:16:02.700Z,Rohekbenitez#8753,freshelle#9882,for mentioning or retweeting TE Commons on the socials the past week! Thank you for helping us grow the Token Engineering Commons community and spreading the message! üôèüèº,,3,,,,,,,False,False,False,False,pat.zip (TE Academy)#5266,divine_comedian#5493,teaci#6108,Mike Brunt#0745,1.67,0.0
59,62b49ce7e5133f37b7976472,2022-06-23T17:03:35.484Z,natesuits#4789,GideonRo#3175,for being willing to lead Sampo work around treasury management,,13,,,,,,,False,False,False,False,pat.zip (TE Academy)#5266,bear100#9085,teaci#6108,Mike Brunt#0745,18.33,0.0
121,62b9f0ece5133f37b7976753,2022-06-27T18:03:24.719Z,eduardovegap#0422,acidlazzer#5796,for their participation in the 1Hive Monday Stream üêù,,5,,,,,,,False,False,False,False,pat.zip (TE Academy)#5266,divine_comedian#5493,teaci#6108,Mike Brunt#0745,6.0,0.0
123,62b9f8d8e5133f37b7976766,2022-06-27T18:37:12.419Z,Costa#7828,Zeptimus#3359,for updating the communitas budget u guys rock!!‚ö°,,8,,,,,,,False,False,False,False,hanners717#2022,divine_comedian#5493,teaci#6108,Mike Brunt#0745,9.67,0.0
45,62b40e27e5133f37b79763de,2022-06-23T06:54:31.960Z,SatoriD#2945,solsista#5370,"for making audiovisual summaries of TEC#0mega collaboration on TE Consilience Library, as well as 0mega digestables",,34,,34.0,,,,,False,False,False,False,hanners717#2022,bear100#9085,tonga#3112,innov8tor3#3988,27.0,0.0
44,62b3ad4fe5133f37b79763cd,2022-06-23T00:01:19.354Z,divine_comedian#5493,acidlazzer#5796,for the great commitment with the sourcecred activation campaign,,21,,,,62b0b730a12b884b0d8c1d1c,,,False,False,False,False,pat.zip (TE Academy)#5266,bear100#9085,tonga#3112,Mike Brunt#0745,5.05,0.0
144,62bb383ce5133f37b7976829,2022-06-28T17:19:56.966Z,acidlazzer#5796,Mount Manu#3530,for joining today's Marketing T.E.A.M. weekly sync to share updates on the next newsletter and on the #mintTEC campaign,,3,,,,,,,False,False,False,False,hanners717#2022,divine_comedian#5493,teaci#6108,Mike Brunt#0745,5.67,0.0
42,62b374c2e5133f37b79763b0,2022-06-22T20:00:02.541Z,Nuggan#5183,divine_comedian#5493,for coming to the weekly rewards WG sync!,,3,,,,,,,False,False,False,False,hanners717#2022,divine_comedian#5493,tonga#3112,Mike Brunt#0745,3.0,0.0
146,62bb38bbe5133f37b7976841,2022-06-28T17:22:03.650Z,Mount Manu#3530,acidlazzer#5796,for joining and hosting today¬¥s Marketing TEAM weekly sync,,3,,,,,,,False,False,False,False,hanners717#2022,bear100#9085,tonga#3112,Mike Brunt#0745,3.0,0.0
147,62bb38d0e5133f37b797684d,2022-06-28T17:22:24.168Z,angieberry.eth#9822,acidlazzer#5796,for joining today's Comms weekly sync,,3,,,,,,,False,False,False,False,pat.zip (TE Academy)#5266,divine_comedian#5493,tonga#3112,Mike Brunt#0745,5.5,0.0
148,62bc5fdde5133f37b797685d,2022-06-29T14:21:17.614Z,Tamarandom#9361,liviade#1387,an example here  [DO NOT QUANTIFY],0.0,0,,0.0,,,,,True,True,False,True,hanners717#2022,divine_comedian#5493,tonga#3112,innov8tor3#3988,0.0,0.0
149,62bc77bee5133f37b797686b,2022-06-29T16:03:10.775Z,Juankbell#7458,innov8tor3#3988,"for his humility and his leadership in Gravity DAO, his inclusiveness and his thorough approach",,21,,,,,,,False,False,False,False,hanners717#2022,divine_comedian#5493,tonga#3112,Mike Brunt#0745,17.0,0.0
41,62b374c2e5133f37b79763a9,2022-06-22T20:00:02.274Z,zhiwei#1356,divine_comedian#5493,for coming to the weekly rewards WG sync!,,3,,,,,,,False,False,False,False,hanners717#2022,bear100#9085,teaci#6108,Mike Brunt#0745,2.33,0.0
40,62b374c1e5133f37b79763a2,2022-06-22T20:00:01.775Z,alantv#0964,divine_comedian#5493,for coming to the weekly rewards WG sync!,,3,,3.0,,,,,False,False,False,False,hanners717#2022,bear100#9085,teaci#6108,innov8tor3#3988,2.5,0.0
152,62bc7868e5133f37b7976885,2022-06-29T16:06:00.389Z,innov8tor3#3988,bends#3537,for contributing to a productive gravity sync,,5,,,,,,,False,False,False,False,pat.zip (TE Academy)#5266,bear100#9085,tonga#3112,Mike Brunt#0745,5.0,0.0
39,62b374c1e5133f37b797639b,2022-06-22T20:00:01.099Z,acidlazzer#5796,divine_comedian#5493,for coming to the weekly rewards WG sync!,,3,,,,,,,False,False,False,False,hanners717#2022,divine_comedian#5493,teaci#6108,Mike Brunt#0745,2.33,0.0
154,62bc786be5133f37b7976893,2022-06-29T16:06:03.796Z,Juankbell#7458,bends#3537,for contributing to a productive gravity sync,,5,,,,,,,False,False,False,False,hanners717#2022,divine_comedian#5493,tonga#3112,Mike Brunt#0745,9.0,0.0
155,62bc786ce5133f37b797689a,2022-06-29T16:06:04.090Z,AnnAnna#4694,bends#3537,for contributing to a productive gravity sync,,5,,,,,,,False,False,False,False,pat.zip (TE Academy)#5266,bear100#9085,tonga#3112,Mike Brunt#0745,6.5,0.0
156,62bc786ce5133f37b79768a1,2022-06-29T16:06:04.496Z,irenioskamoska#7519,bends#3537,for contributing to a productive gravity sync,,5,,,,,,,False,False,False,False,hanners717#2022,bear100#9085,tonga#3112,Mike Brunt#0745,5.0,0.0
47,62b4846be5133f37b79763fb,2022-06-23T15:19:07.881Z,kristofer#1475,divine_comedian#5493,for working on the development updates for the latest release of the praise bot and praise dashboard,,55,,,,,,,False,False,False,False,pat.zip (TE Academy)#5266,divine_comedian#5493,teaci#6108,Mike Brunt#0745,23.67,0.0
140,62bb3062e5133f37b7976803,2022-06-28T16:46:26.258Z,AnaTech#7412,angieberry.eth#9822,for joining today's Comms weekly sync to share updates on everyone's TEAM,,3,,,,,,,False,False,False,False,hanners717#2022,divine_comedian#5493,teaci#6108,Mike Brunt#0745,3.0,0.0
51,62b484c8e5133f37b797641c,2022-06-23T15:20:40.314Z,zhiwei#1356,divine_comedian#5493,for their continued work on structuring the  new RAD tool for analysing and distributing rewards,,34,,,,,,,False,False,False,False,hanners717#2022,bear100#9085,teaci#6108,Mike Brunt#0745,16.0,0.0
130,62bb3004e5133f37b79767b7,2022-06-28T16:44:52.270Z,AnaTech#7412,angieberry.eth#9822,for joining today's TE Academy Communication Weekly sync to share updates and discuss future plans,,3,,,,,,,False,False,False,False,hanners717#2022,divine_comedian#5493,teaci#6108,Mike Brunt#0745,3.0,0.0
124,62b9f8d8e5133f37b797676d,2022-06-27T18:37:12.682Z,eduardovegap#0422,Zeptimus#3359,for updating the communitas budget u guys rock!!‚ö°,,8,,,,,,,False,False,False,False,pat.zip (TE Academy)#5266,divine_comedian#5493,teaci#6108,Mike Brunt#0745,7.0,0.0
125,62b9f9a1e5133f37b7976779,2022-06-27T18:40:33.423Z,LBS#6541,Tamarandom#9361,spending so much thought power on the zenhub issues templates. This constructive fresh look at how to make newcomers find pieces of work they can take on should help a lot with orienting in theTEC.,,3,,,,,,,False,False,False,False,pat.zip (TE Academy)#5266,divine_comedian#5493,teaci#6108,Mike Brunt#0745,19.33,0.0
126,62baca41e5133f37b7976790,2022-06-28T09:30:41.136Z,eduardovegap#0422,Santana22#4210,providing advice and helping out a newbie,,5,,,,,,,False,False,False,False,pat.zip (TE Academy)#5266,divine_comedian#5493,teaci#6108,Mike Brunt#0745,5.33,0.0
127,62bb2720e5133f37b797679c,2022-06-28T16:06:56.757Z,eduardovegap#0422,Tamarandom#9361,facilitating the Stewards weekly this week. Appreciate the team-work (and being able to go to the last parent-teacher conference of the school year).,,21,,,,,,,False,False,False,False,pat.zip (TE Academy)#5266,divine_comedian#5493,teaci#6108,Mike Brunt#0745,13.0,0.0
128,62bb3002e5133f37b79767a8,2022-06-28T16:44:50.639Z,akrtws (TE Academy)#4246,angieberry.eth#9822,for joining today's TE Academy Communication Weekly sync to share updates and discuss future plans,,3,,,,,,,False,False,False,False,pat.zip (TE Academy)#5266,divine_comedian#5493,teaci#6108,Mike Brunt#0745,4.0,0.0
58,62b49cc4e5133f37b7976466,2022-06-23T17:03:00.157Z,natesuits#4789,GideonRo#3175,for agreeing to take over leadership of the writers guild so I can focus fully on Sampo,,13,,,,,,,False,False,False,False,pat.zip (TE Academy)#5266,bear100#9085,teaci#6108,Mike Brunt#0745,29.67,0.0
131,62bb3004e5133f37b79767be,2022-06-28T16:44:52.506Z,pat.zip (TE Academy)#5266,angieberry.eth#9822,for joining today's TE Academy Communication Weekly sync to share updates and discuss future plans,,3,,,,,,,False,False,False,False,hanners717#2022,divine_comedian#5493,teaci#6108,Mike Brunt#0745,2.33,0.0
138,62bb3060e5133f37b79767f4,2022-06-28T16:46:24.962Z,Juankbell#7458,angieberry.eth#9822,for joining today's Comms weekly sync to share updates on everyone's TEAM,,3,,,,,,,False,False,False,False,hanners717#2022,divine_comedian#5493,tonga#3112,Mike Brunt#0745,3.0,0.0
57,62b48e5ee5133f37b797645a,2022-06-23T16:01:34.177Z,eduardovegap#0422,Tamarandom#9361,"offering to facilitate the Sprint Retrospective again! Thank you, you do this so well!",,21,,,,,,,False,False,False,False,pat.zip (TE Academy)#5266,divine_comedian#5493,teaci#6108,Mike Brunt#0745,14.0,0.0
54,62b48513e5133f37b797643b,2022-06-23T15:21:55.519Z,acidlazzer#5796,divine_comedian#5493,for their animation work and updates on the quantifier onboarding video,,21,,,,,,,False,False,False,False,hanners717#2022,divine_comedian#5493,teaci#6108,Mike Brunt#0745,11.33,0.0
134,62bb305fe5133f37b79767d8,2022-06-28T16:46:23.800Z,Mount Manu#3530,angieberry.eth#9822,for joining today's Comms weekly sync to share updates on everyone's TEAM,,3,,,,,,,False,False,False,False,hanners717#2022,bear100#9085,tonga#3112,Mike Brunt#0745,3.0,0.0
135,62bb3060e5133f37b79767df,2022-06-28T16:46:24.110Z,acidlazzer#5796,angieberry.eth#9822,for joining today's Comms weekly sync to share updates on everyone's TEAM,,3,,,,,,,False,False,False,False,hanners717#2022,divine_comedian#5493,teaci#6108,Mike Brunt#0745,4.0,0.0
53,62b484f1e5133f37b797642f,2022-06-23T15:21:21.060Z,GideonRo#3175,divine_comedian#5493,"for facilitating all of the sampo WG related discussions and calls, of which there are many!",,8,,,,,,,False,False,False,False,hanners717#2022,divine_comedian#5493,tonga#3112,Mike Brunt#0745,8.0,0.0
52,62b484c8e5133f37b7976423,2022-06-23T15:20:40.620Z,Nuggan#5183,divine_comedian#5493,for their continued work on structuring the  new RAD tool for analysing and distributing rewards,,89,,,,,,,False,False,False,False,hanners717#2022,divine_comedian#5493,tonga#3112,Mike Brunt#0745,55.0,0.0
0,62b0346ca12b884b0d8c1c55,2022-06-20T08:48:44.718Z,r33pich33p#6906,freshelle#9882,for mentioning or retweeting TE Commons on the socials last week! Thank you for helping us grow the Token Engineering Commons community and spreading the message! üôèüèº,,0,,,,,,,False,True,False,False,hanners717#2022,bear100#9085,tonga#3112,Mike Brunt#0745,1.5,0.0
