ID,DATE,TO USER ACCOUNT,TO USER ACCOUNT ID,TO ETH ADDRESS,FROM USER ACCOUNT,FROM USER ACCOUNT ID,FROM ETH ADDRESS,REASON,SOURCE ID,SOURCE NAME,SCORE 1,SCORE 2,SCORE 3,SCORE 4,DUPLICATE ID 1,DUPLICATE ID 2,DUPLICATE ID 3,DUPLICATE ID 4,DISMISSED 1,DISMISSED 2,DISMISSED 3,DISMISSED 4,QUANTIFIER 1 USERNAME,QUANTIFIER 1 ETH ADDRESS,QUANTIFIER 2 USERNAME,QUANTIFIER 2 ETH ADDRESS,QUANTIFIER 3 USERNAME,QUANTIFIER 3 ETH ADDRESS,QUANTIFIER 4 USERNAME,QUANTIFIER 4 ETH ADDRESS,AVG SCORE,PERCENTAGE,TOKEN TO RECEIVE
6357eb136a25cb799b4098ce,2022-10-25T13:56:35.864Z,akrtws (TE Academy)#4246,621f79cf95a79aa51435b3c3,0xA26d6AEB775a9528c012B748ACe66E3B0FD574cE,divine_comedian#5493,621f79cf95a79aa51435b4cc,0x320c338BCF70bAAaE26e96201C33B48105Bc62C2,for her great IRL presentation of the launch of TE fundamentals at Devcon!,DISCORD:810180621930070088:810180622336262195,DISCORD:Token%20Engineering%20Commons:%F0%9F%99%8F%EF%BD%9Cpraise,21,13,144,34,,,,,False,False,False,False,Mettodo#7010,0x7710E7e881333Fd3396Ca5966BeD6E72746b612D,kristofer#1475,0xa32aECda752cF4EF89956e83d60C04835d4FA867,divine_comedian#5493,0x320c338BCF70bAAaE26e96201C33B48105Bc62C2,tigeroid#2951,0xd3898129d4acb0F8039b1B9D6367B236F1E6100f,53.0,0.044115198934576334,33.905936736307645
6357eb576a25cb799b4098dd,2022-10-25T13:57:43.169Z,akrtws (TE Academy)#4246,621f79cf95a79aa51435b3c3,0xA26d6AEB775a9528c012B748ACe66E3B0FD574cE,divine_comedian#5493,621f79cf95a79aa51435b4cc,0x320c338BCF70bAAaE26e96201C33B48105Bc62C2,"for the very successful launch of the TE fundamentals educational course! Great work I am loving the curated articles, amazing program!",DISCORD:810180621930070088:810180622336262195,DISCORD:Token%20Engineering%20Commons:%F0%9F%99%8F%EF%BD%9Cpraise,89,144,144,55,,,,,False,False,False,False,Mettodo#7010,0x7710E7e881333Fd3396Ca5966BeD6E72746b612D,kristofer#1475,0xa32aECda752cF4EF89956e83d60C04835d4FA867,divine_comedian#5493,0x320c338BCF70bAAaE26e96201C33B48105Bc62C2,tigeroid#2951,0xd3898129d4acb0F8039b1B9D6367B236F1E6100f,108.0,0.08989512235724989,69.09134278341936
6357eb576a25cb799b4098e4,2022-10-25T13:57:43.422Z,pat.zip (TE Academy)#5266,621f79d995a79aa51435d3aa,0x9F6b969Ee3F9C2b0a528b3029049e34BBD4bdB49,divine_comedian#5493,621f79cf95a79aa51435b4cc,0x320c338BCF70bAAaE26e96201C33B48105Bc62C2,"for the very successful launch of the TE fundamentals educational course! Great work I am loving the curated articles, amazing program!",DISCORD:810180621930070088:810180622336262195,DISCORD:Token%20Engineering%20Commons:%F0%9F%99%8F%EF%BD%9Cpraise,89,55,144,55,,,,,False,False,False,False,Mettodo#7010,0x7710E7e881333Fd3396Ca5966BeD6E72746b612D,kristofer#1475,0xa32aECda752cF4EF89956e83d60C04835d4FA867,divine_comedian#5493,0x320c338BCF70bAAaE26e96201C33B48105Bc62C2,tigeroid#2951,0xd3898129d4acb0F8039b1B9D6367B236F1E6100f,85.75,0.07137506242716832,54.85724670072417
6357ebc76a25cb799b4098f3,2022-10-25T13:59:35.145Z,Maxwe11#7157,623365456cf31bb86af2d4e3,0x3F20a6fE04b3A4b37bBBBea826ae23be56Baed74,divine_comedian#5493,621f79cf95a79aa51435b4cc,0x320c338BCF70bAAaE26e96201C33B48105Bc62C2,for attending the quantifier review call last week!,DISCORD:810180621930070088:810180622336262195,DISCORD:Token%20Engineering%20Commons:%F0%9F%99%8F%EF%BD%9Cpraise,1,5,1,1,,,,,False,False,False,False,Mettodo#7010,0x7710E7e881333Fd3396Ca5966BeD6E72746b612D,kristofer#1475,0xa32aECda752cF4EF89956e83d60C04835d4FA867,divine_comedian#5493,0x320c338BCF70bAAaE26e96201C33B48105Bc62C2,tigeroid#2951,0xd3898129d4acb0F8039b1B9D6367B236F1E6100f,2.0,0.00166472448809722,1.279469310804062
6357ebc76a25cb799b4098fa,2022-10-25T13:59:35.791Z,miguelb#5176,621f79df95a79aa51435eeaa,0x7311b7bf2f004b8070efAf4A130348EEB18EF369,divine_comedian#5493,621f79cf95a79aa51435b4cc,0x320c338BCF70bAAaE26e96201C33B48105Bc62C2,for attending the quantifier review call last week!,DISCORD:810180621930070088:810180622336262195,DISCORD:Token%20Engineering%20Commons:%F0%9F%99%8F%EF%BD%9Cpraise,1,5,1,1,,,,,False,False,False,False,Mettodo#7010,0x7710E7e881333Fd3396Ca5966BeD6E72746b612D,kristofer#1475,0xa32aECda752cF4EF89956e83d60C04835d4FA867,divine_comedian#5493,0x320c338BCF70bAAaE26e96201C33B48105Bc62C2,tigeroid#2951,0xd3898129d4acb0F8039b1B9D6367B236F1E6100f,2.0,0.00166472448809722,1.279469310804062
635820466a25cb799b409909,2022-10-25T17:43:34.552Z,GideonRo#3175,621f79d595a79aa51435c5ff,0xB08F0ca73E8A59a1b7970e22B8ed2F9142c3fA53,liviade#1387,621f79ce95a79aa51435b227,0xF8D1d34956cEa24718cf8687588D6FeDbc6d9AA6,"for facilitating the stewards call today and bringing clarity to the ""one team"" idea that will reduce a lot of our operation costs",DISCORD:810180621930070088:810180622336262195,DISCORD:Token%20Engineering%20Commons:%F0%9F%99%8F%EF%BD%9Cpraise,21,21,13,21,,,,,False,False,False,False,Mettodo#7010,0x7710E7e881333Fd3396Ca5966BeD6E72746b612D,kristofer#1475,0xa32aECda752cF4EF89956e83d60C04835d4FA867,divine_comedian#5493,0x320c338BCF70bAAaE26e96201C33B48105Bc62C2,tigeroid#2951,0xd3898129d4acb0F8039b1B9D6367B236F1E6100f,19.0,0.015814882636923593,12.154958452638592
635957db6a25cb799b409918,2022-10-26T15:52:59.082Z,divine_comedian#5493,621f79cf95a79aa51435b4cc,0x320c338BCF70bAAaE26e96201C33B48105Bc62C2,Maxwe11#7157,623365456cf31bb86af2d4e3,0x3F20a6fE04b3A4b37bBBBea826ae23be56Baed74,for hosting the rewards workgroup,DISCORD:810180621930070088:810180622336262195,DISCORD:Token%20Engineering%20Commons:%F0%9F%99%8F%EF%BD%9Cpraise,5,13,34,13,,,,,False,False,False,False,Mettodo#7010,0x7710E7e881333Fd3396Ca5966BeD6E72746b612D,kristofer#1475,0xa32aECda752cF4EF89956e83d60C04835d4FA867,divine_comedian#5493,0x320c338BCF70bAAaE26e96201C33B48105Bc62C2,tigeroid#2951,0xd3898129d4acb0F8039b1B9D6367B236F1E6100f,16.25,0.013525886465789913,10.395688150283004
6359584a6a25cb799b409927,2022-10-26T15:54:50.875Z,kristofer#1475,621f79cf95a79aa51435b300,0xa32aECda752cF4EF89956e83d60C04835d4FA867,Maxwe11#7157,623365456cf31bb86af2d4e3,0x3F20a6fE04b3A4b37bBBBea826ae23be56Baed74,for his work on the dynamic distribution,DISCORD:810180621930070088:810180622336262195,DISCORD:Token%20Engineering%20Commons:%F0%9F%99%8F%EF%BD%9Cpraise,13,1,55,21,,,,,False,False,False,False,Mettodo#7010,0x7710E7e881333Fd3396Ca5966BeD6E72746b612D,kristofer#1475,0xa32aECda752cF4EF89956e83d60C04835d4FA867,divine_comedian#5493,0x320c338BCF70bAAaE26e96201C33B48105Bc62C2,tigeroid#2951,0xd3898129d4acb0F8039b1B9D6367B236F1E6100f,22.5,0.018728150491093727,14.3940297465457
635958796a25cb799b409936,2022-10-26T15:55:37.369Z,chuygarcia.eth#6692,621f79ce95a79aa51435b297,0xB22981bA3FE1De2325935c91a3B717168fB86714,Maxwe11#7157,623365456cf31bb86af2d4e3,0x3F20a6fE04b3A4b37bBBBea826ae23be56Baed74,for their work on the praise animation video,DISCORD:810180621930070088:810180622336262195,DISCORD:Token%20Engineering%20Commons:%F0%9F%99%8F%EF%BD%9Cpraise,5,8,8,13,,,,,False,False,False,False,Mettodo#7010,0x7710E7e881333Fd3396Ca5966BeD6E72746b612D,kristofer#1475,0xa32aECda752cF4EF89956e83d60C04835d4FA867,divine_comedian#5493,0x320c338BCF70bAAaE26e96201C33B48105Bc62C2,tigeroid#2951,0xd3898129d4acb0F8039b1B9D6367B236F1E6100f,8.5,0.007075079074413185,5.437744570917264
635958796a25cb799b40993d,2022-10-26T15:55:37.840Z,miguelb#5176,621f79df95a79aa51435eeaa,0x7311b7bf2f004b8070efAf4A130348EEB18EF369,Maxwe11#7157,623365456cf31bb86af2d4e3,0x3F20a6fE04b3A4b37bBBBea826ae23be56Baed74,for their work on the praise animation video,DISCORD:810180621930070088:810180622336262195,DISCORD:Token%20Engineering%20Commons:%F0%9F%99%8F%EF%BD%9Cpraise,8,13,55,21,,,,,False,False,False,False,Mettodo#7010,0x7710E7e881333Fd3396Ca5966BeD6E72746b612D,kristofer#1475,0xa32aECda752cF4EF89956e83d60C04835d4FA867,divine_comedian#5493,0x320c338BCF70bAAaE26e96201C33B48105Bc62C2,tigeroid#2951,0xd3898129d4acb0F8039b1B9D6367B236F1E6100f,24.25,0.020184784418178794,15.513565393499254
63595a9c6a25cb799b40994c,2022-10-26T16:04:44.455Z,Zeptimus#3359,621f79ce95a79aa51435b287,0xaa79B87DC8B046A5E4f7D03F1562D7fe5BF98737,BiancaGadelha#2667,621f79dc95a79aa51435dc5a,0x1375847014BA64517210cBFE185808232Cf45d4a,For coming to Gravity's coordination Call üïäÔ∏è,DISCORD:810180621930070088:810180622336262195,DISCORD:Token%20Engineering%20Commons:%F0%9F%99%8F%EF%BD%9Cpraise,1,3,1,1,,,,,False,False,False,False,Mettodo#7010,0x7710E7e881333Fd3396Ca5966BeD6E72746b612D,kristofer#1475,0xa32aECda752cF4EF89956e83d60C04835d4FA867,divine_comedian#5493,0x320c338BCF70bAAaE26e96201C33B48105Bc62C2,tigeroid#2951,0xd3898129d4acb0F8039b1B9D6367B236F1E6100f,1.5,0.001248543366072915,0.9596019831030466
63595a9c6a25cb799b409953,2022-10-26T16:04:44.750Z,durgadas#9280,621f79d495a79aa51435c33f,0xfF6d6a7718A234A84f740480Dbb07f6c09cF1cD5,BiancaGadelha#2667,621f79dc95a79aa51435dc5a,0x1375847014BA64517210cBFE185808232Cf45d4a,For coming to Gravity's coordination Call üïäÔ∏è,DISCORD:810180621930070088:810180622336262195,DISCORD:Token%20Engineering%20Commons:%F0%9F%99%8F%EF%BD%9Cpraise,1,3,1,1,,,,,False,False,False,False,Mettodo#7010,0x7710E7e881333Fd3396Ca5966BeD6E72746b612D,kristofer#1475,0xa32aECda752cF4EF89956e83d60C04835d4FA867,divine_comedian#5493,0x320c338BCF70bAAaE26e96201C33B48105Bc62C2,tigeroid#2951,0xd3898129d4acb0F8039b1B9D6367B236F1E6100f,1.5,0.001248543366072915,0.9596019831030466
63595a9d6a25cb799b40995a,2022-10-26T16:04:45.173Z,innov8tor3#3988,621f79d195a79aa51435b94e,0xBCAD90F4a1ED4067d9bC33D4089FF18A82250253,BiancaGadelha#2667,621f79dc95a79aa51435dc5a,0x1375847014BA64517210cBFE185808232Cf45d4a,For coming to Gravity's coordination Call üïäÔ∏è,DISCORD:810180621930070088:810180622336262195,DISCORD:Token%20Engineering%20Commons:%F0%9F%99%8F%EF%BD%9Cpraise,1,3,1,1,,,,,False,False,False,False,Mettodo#7010,0x7710E7e881333Fd3396Ca5966BeD6E72746b612D,kristofer#1475,0xa32aECda752cF4EF89956e83d60C04835d4FA867,divine_comedian#5493,0x320c338BCF70bAAaE26e96201C33B48105Bc62C2,tigeroid#2951,0xd3898129d4acb0F8039b1B9D6367B236F1E6100f,1.5,0.001248543366072915,0.9596019831030466
63595a9f6a25cb799b409962,2022-10-26T16:04:47.192Z,Araujo#0999,63595a9e81236c760df15e2c,0x4BEae88bfa81F623cA87f7efB42BfeD76466BdC4,BiancaGadelha#2667,621f79dc95a79aa51435dc5a,0x1375847014BA64517210cBFE185808232Cf45d4a,For coming to Gravity's coordination Call üïäÔ∏è,DISCORD:810180621930070088:810180622336262195,DISCORD:Token%20Engineering%20Commons:%F0%9F%99%8F%EF%BD%9Cpraise,1,3,1,1,,,,,False,False,False,False,Mettodo#7010,0x7710E7e881333Fd3396Ca5966BeD6E72746b612D,kristofer#1475,0xa32aECda752cF4EF89956e83d60C04835d4FA867,divine_comedian#5493,0x320c338BCF70bAAaE26e96201C33B48105Bc62C2,tigeroid#2951,0xd3898129d4acb0F8039b1B9D6367B236F1E6100f,1.5,0.001248543366072915,0.9596019831030466
63595a9f6a25cb799b409969,2022-10-26T16:04:47.656Z,Juankbell#7458,621f79ce95a79aa51435b20b,0x7d547666209755FB833f9B37EebEa38eBF513Abb,BiancaGadelha#2667,621f79dc95a79aa51435dc5a,0x1375847014BA64517210cBFE185808232Cf45d4a,For coming to Gravity's coordination Call üïäÔ∏è,DISCORD:810180621930070088:810180622336262195,DISCORD:Token%20Engineering%20Commons:%F0%9F%99%8F%EF%BD%9Cpraise,1,3,1,1,,,,,False,False,False,False,Mettodo#7010,0x7710E7e881333Fd3396Ca5966BeD6E72746b612D,kristofer#1475,0xa32aECda752cF4EF89956e83d60C04835d4FA867,divine_comedian#5493,0x320c338BCF70bAAaE26e96201C33B48105Bc62C2,tigeroid#2951,0xd3898129d4acb0F8039b1B9D6367B236F1E6100f,1.5,0.001248543366072915,0.9596019831030466
63595c186a25cb799b409984,2022-10-26T16:11:04.184Z,durgadas#9280,621f79d495a79aa51435c33f,0xfF6d6a7718A234A84f740480Dbb07f6c09cF1cD5,Araujo#0999,63595a9e81236c760df15e2c,0x4BEae88bfa81F623cA87f7efB42BfeD76466BdC4,for being an amazing contributors!,DISCORD:810180621930070088:810180622479917065,DISCORD:Token%20Engineering%20Commons:%F0%9F%95%8A%EF%BD%9Cgravity,1,3,3,8,,,,,False,False,False,False,Mettodo#7010,0x7710E7e881333Fd3396Ca5966BeD6E72746b612D,kristofer#1475,0xa32aECda752cF4EF89956e83d60C04835d4FA867,divine_comedian#5493,0x320c338BCF70bAAaE26e96201C33B48105Bc62C2,tigeroid#2951,0xd3898129d4acb0F8039b1B9D6367B236F1E6100f,3.75,0.0031213584151822877,2.3990049577576165
63595c186a25cb799b40998b,2022-10-26T16:11:04.427Z,Juankbell#7458,621f79ce95a79aa51435b20b,0x7d547666209755FB833f9B37EebEa38eBF513Abb,Araujo#0999,63595a9e81236c760df15e2c,0x4BEae88bfa81F623cA87f7efB42BfeD76466BdC4,for being an amazing contributors!,DISCORD:810180621930070088:810180622479917065,DISCORD:Token%20Engineering%20Commons:%F0%9F%95%8A%EF%BD%9Cgravity,3,3,3,8,,,,,False,False,False,False,Mettodo#7010,0x7710E7e881333Fd3396Ca5966BeD6E72746b612D,kristofer#1475,0xa32aECda752cF4EF89956e83d60C04835d4FA867,divine_comedian#5493,0x320c338BCF70bAAaE26e96201C33B48105Bc62C2,tigeroid#2951,0xd3898129d4acb0F8039b1B9D6367B236F1E6100f,4.25,0.0035375395372065927,2.718872285458632
63595c186a25cb799b409992,2022-10-26T16:11:04.692Z,BiancaGadelha#2667,621f79dc95a79aa51435dc5a,0x1375847014BA64517210cBFE185808232Cf45d4a,Araujo#0999,63595a9e81236c760df15e2c,0x4BEae88bfa81F623cA87f7efB42BfeD76466BdC4,for being an amazing contributors!,DISCORD:810180621930070088:810180622479917065,DISCORD:Token%20Engineering%20Commons:%F0%9F%95%8A%EF%BD%9Cgravity,1,3,3,5,,,,,False,False,False,False,Mettodo#7010,0x7710E7e881333Fd3396Ca5966BeD6E72746b612D,kristofer#1475,0xa32aECda752cF4EF89956e83d60C04835d4FA867,divine_comedian#5493,0x320c338BCF70bAAaE26e96201C33B48105Bc62C2,tigeroid#2951,0xd3898129d4acb0F8039b1B9D6367B236F1E6100f,3.0,0.00249708673214583,1.9192039662060931
63595e636a25cb799b4099a2,2022-10-26T16:20:51.274Z,Nuggan#5183,621f79d095a79aa51435b634,0x0Bf920dfE6D36829aB5b0e153857D4CA689E46fB,kristofer#1475,621f79cf95a79aa51435b300,0xa32aECda752cF4EF89956e83d60C04835d4FA867,for adding support to rad-classic for dynamic praise token distributions. If implemented in the TEC this will save us a lot of $TEC.,DISCORD:810180621930070088:810180622336262195,DISCORD:Token%20Engineering%20Commons:%F0%9F%99%8F%EF%BD%9Cpraise,21,34,55,13,,,,,False,False,False,False,Mettodo#7010,0x7710E7e881333Fd3396Ca5966BeD6E72746b612D,kristofer#1475,0xa32aECda752cF4EF89956e83d60C04835d4FA867,divine_comedian#5493,0x320c338BCF70bAAaE26e96201C33B48105Bc62C2,tigeroid#2951,0xd3898129d4acb0F8039b1B9D6367B236F1E6100f,30.75,0.025595139004494758,19.671840653612453
63597de26a25cb799b4099b1,2022-10-26T18:35:14.468Z,natesuits#4789,621f79cf95a79aa51435b2f7,0x66dF5A7715C5D4AfbBFA52435c66aa20733be0d1,angieberry.eth#9822,621f79da95a79aa51435d52a,0xc163041D404e7657530491577665E40Da84C9Bd7,for joining today‚Äôs weekly comms meeting to discuss TEA‚Äôs future content,DISCORD:810180621930070088:810180622336262195,DISCORD:Token%20Engineering%20Commons:%F0%9F%99%8F%EF%BD%9Cpraise,3,5,1,3,,,,,False,False,False,False,Mettodo#7010,0x7710E7e881333Fd3396Ca5966BeD6E72746b612D,kristofer#1475,0xa32aECda752cF4EF89956e83d60C04835d4FA867,divine_comedian#5493,0x320c338BCF70bAAaE26e96201C33B48105Bc62C2,tigeroid#2951,0xd3898129d4acb0F8039b1B9D6367B236F1E6100f,3.0,0.00249708673214583,1.9192039662060931
63597de26a25cb799b4099b8,2022-10-26T18:35:14.964Z,akrtws (TE Academy)#4246,621f79cf95a79aa51435b3c3,0xA26d6AEB775a9528c012B748ACe66E3B0FD574cE,angieberry.eth#9822,621f79da95a79aa51435d52a,0xc163041D404e7657530491577665E40Da84C9Bd7,for joining today‚Äôs weekly comms meeting to discuss TEA‚Äôs future content,DISCORD:810180621930070088:810180622336262195,DISCORD:Token%20Engineering%20Commons:%F0%9F%99%8F%EF%BD%9Cpraise,1,5,1,1,,,,,False,False,False,False,Mettodo#7010,0x7710E7e881333Fd3396Ca5966BeD6E72746b612D,kristofer#1475,0xa32aECda752cF4EF89956e83d60C04835d4FA867,divine_comedian#5493,0x320c338BCF70bAAaE26e96201C33B48105Bc62C2,tigeroid#2951,0xd3898129d4acb0F8039b1B9D6367B236F1E6100f,2.0,0.00166472448809722,1.279469310804062
63597de36a25cb799b4099bf,2022-10-26T18:35:15.587Z,pat.zip (TE Academy)#5266,621f79d995a79aa51435d3aa,0x9F6b969Ee3F9C2b0a528b3029049e34BBD4bdB49,angieberry.eth#9822,621f79da95a79aa51435d52a,0xc163041D404e7657530491577665E40Da84C9Bd7,for joining today‚Äôs weekly comms meeting to discuss TEA‚Äôs future content,DISCORD:810180621930070088:810180622336262195,DISCORD:Token%20Engineering%20Commons:%F0%9F%99%8F%EF%BD%9Cpraise,1,5,3,1,,,,,False,False,False,False,Mettodo#7010,0x7710E7e881333Fd3396Ca5966BeD6E72746b612D,kristofer#1475,0xa32aECda752cF4EF89956e83d60C04835d4FA867,divine_comedian#5493,0x320c338BCF70bAAaE26e96201C33B48105Bc62C2,tigeroid#2951,0xd3898129d4acb0F8039b1B9D6367B236F1E6100f,2.5,0.002080905610121525,1.5993366385050776
635993686a25cb799b4099ce,2022-10-26T20:07:04.764Z,Jeanne#8780,624bfe1571e68891991e8a23,0x62edAaC42aDd454EBf7f228F50EC8093ea446176,SatoriD#2945,624c5f8871e68891991f0c76,0xeE9f5aB4faeCBe30012f675Bb938031BC51bB49B,for giving time and space to jam out some creative ideas,DISCORD:810180621930070088:946896977193500722,DISCORD:Token%20Engineering%20Commons:Imaginarium%20Creative%20Flow,3,3,3,13,,,,,False,False,False,False,Mettodo#7010,0x7710E7e881333Fd3396Ca5966BeD6E72746b612D,kristofer#1475,0xa32aECda752cF4EF89956e83d60C04835d4FA867,divine_comedian#5493,0x320c338BCF70bAAaE26e96201C33B48105Bc62C2,tigeroid#2951,0xd3898129d4acb0F8039b1B9D6367B236F1E6100f,5.5,0.004577992342267355,3.518540604711171
635993696a25cb799b4099d5,2022-10-26T20:07:05.072Z,streamerd#5565,624da6ac71e6889199209795,0xEd2eF70e8B1EBf95bDfD7ba692454143b2A8263B,SatoriD#2945,624c5f8871e68891991f0c76,0xeE9f5aB4faeCBe30012f675Bb938031BC51bB49B,for giving time and space to jam out some creative ideas,DISCORD:810180621930070088:946896977193500722,DISCORD:Token%20Engineering%20Commons:Imaginarium%20Creative%20Flow,3,3,3,13,,,,,False,False,False,False,Mettodo#7010,0x7710E7e881333Fd3396Ca5966BeD6E72746b612D,kristofer#1475,0xa32aECda752cF4EF89956e83d60C04835d4FA867,divine_comedian#5493,0x320c338BCF70bAAaE26e96201C33B48105Bc62C2,tigeroid#2951,0xd3898129d4acb0F8039b1B9D6367B236F1E6100f,5.5,0.004577992342267355,3.518540604711171
635993696a25cb799b4099dc,2022-10-26T20:07:05.865Z,withinthevacuum#2626,62703bdb71e68891994cdc29,0x405Bb3Cdf23833bb27BAD6629b7cd4f01688235f,SatoriD#2945,624c5f8871e68891991f0c76,0xeE9f5aB4faeCBe30012f675Bb938031BC51bB49B,for giving time and space to jam out some creative ideas,DISCORD:810180621930070088:946896977193500722,DISCORD:Token%20Engineering%20Commons:Imaginarium%20Creative%20Flow,3,3,3,13,,,,,False,False,False,False,Mettodo#7010,0x7710E7e881333Fd3396Ca5966BeD6E72746b612D,kristofer#1475,0xa32aECda752cF4EF89956e83d60C04835d4FA867,divine_comedian#5493,0x320c338BCF70bAAaE26e96201C33B48105Bc62C2,tigeroid#2951,0xd3898129d4acb0F8039b1B9D6367B236F1E6100f,5.5,0.004577992342267355,3.518540604711171
6359c9416a25cb799b4099eb,2022-10-26T23:56:49.944Z,r-x-x#8344,62719c82d6f46f43ffe0ce96,0x1409a9ef3450D5d50aAd004f417436e772FbF8fC,enti#1546,6220d93f95a79aa51436be5e,0x6897aBe0fD62B589260784B21F4ca3F78A0D8017,for a great and insightful analysis on praise https://forum.tecommons.org/t/a-report-on-the-distributive-impact-of-praise-part-1/1167,DISCORD:810180621930070088:810180622336262195,DISCORD:Token%20Engineering%20Commons:%F0%9F%99%8F%EF%BD%9Cpraise,55,89,144,34,,,,,False,False,False,False,Mettodo#7010,0x7710E7e881333Fd3396Ca5966BeD6E72746b612D,kristofer#1475,0xa32aECda752cF4EF89956e83d60C04835d4FA867,divine_comedian#5493,0x320c338BCF70bAAaE26e96201C33B48105Bc62C2,tigeroid#2951,0xd3898129d4acb0F8039b1B9D6367B236F1E6100f,80.5,0.06700516064591311,51.4986397598635
635a4f246a25cb799b4099fa,2022-10-27T09:28:04.394Z,r-x-x#8344,62719c82d6f46f43ffe0ce96,0x1409a9ef3450D5d50aAd004f417436e772FbF8fC,boonjue.eth#7124,6247142571e68891991a4933,0xEf0391ccbebf15fc84334D9630255093754cDAAB,"for the comprehensive paper ""A Report on the distributive impact of Praise. Part 1"" which looks like it took several tens of hours to complete",DISCORD:810180621930070088:810180622336262195,DISCORD:Token%20Engineering%20Commons:%F0%9F%99%8F%EF%BD%9Cpraise,0,0,0,34,6359c9416a25cb799b4099eb,6359c9416a25cb799b4099eb,6359c9416a25cb799b4099eb,,False,False,False,False,Mettodo#7010,0x7710E7e881333Fd3396Ca5966BeD6E72746b612D,kristofer#1475,0xa32aECda752cF4EF89956e83d60C04835d4FA867,divine_comedian#5493,0x320c338BCF70bAAaE26e96201C33B48105Bc62C2,tigeroid#2951,0xd3898129d4acb0F8039b1B9D6367B236F1E6100f,15.7,0.013068087231563177,10.043834089811888
635aae816a25cb799b409a11,2022-10-27T16:14:57.806Z,bear100#9085,623ccc0771e68891990eb3c6,0x47a5BA5BE900fC22AD31BEC4c1ff54Df8e67cd70,Tamarandom#9361,621f79ce95a79aa51435b225,0xcf79C7EaEC5BDC1A9e32D099C5D6BdF67E4cF6e8,creating the figma board of functional needs of the TEC in such a comprehensive way. This is such a useful way to cast the net wide and capture many perspectives of mission critical needs in the TEC that we can ensure continue to be supported.,DISCORD:810180621930070088:810180622336262195,DISCORD:Token%20Engineering%20Commons:%F0%9F%99%8F%EF%BD%9Cpraise,55,21,21,34,,,,,False,False,False,False,Mettodo#7010,0x7710E7e881333Fd3396Ca5966BeD6E72746b612D,kristofer#1475,0xa32aECda752cF4EF89956e83d60C04835d4FA867,divine_comedian#5493,0x320c338BCF70bAAaE26e96201C33B48105Bc62C2,tigeroid#2951,0xd3898129d4acb0F8039b1B9D6367B236F1E6100f,32.75,0.02725986349259198,20.951309964416517
635aaf206a25cb799b409a20,2022-10-27T16:17:36.456Z,r-x-x#8344,62719c82d6f46f43ffe0ce96,0x1409a9ef3450D5d50aAd004f417436e772FbF8fC,Tamarandom#9361,621f79ce95a79aa51435b225,0xcf79C7EaEC5BDC1A9e32D099C5D6BdF67E4cF6e8,studying and surfacing the important challenges with using Praise as a monetary reward system. It is inarguably imperfect and this type of careful analysis can only help target areas for improvement.,DISCORD:810180621930070088:810180622336262195,DISCORD:Token%20Engineering%20Commons:%F0%9F%99%8F%EF%BD%9Cpraise,34,0,0,21,,6359c9416a25cb799b4099eb,6359c9416a25cb799b4099eb,,False,False,False,False,Mettodo#7010,0x7710E7e881333Fd3396Ca5966BeD6E72746b612D,kristofer#1475,0xa32aECda752cF4EF89956e83d60C04835d4FA867,divine_comedian#5493,0x320c338BCF70bAAaE26e96201C33B48105Bc62C2,tigeroid#2951,0xd3898129d4acb0F8039b1B9D6367B236F1E6100f,19.57,0.016289329116031297,12.519607206217747
635aaf506a25cb799b409a2f,2022-10-27T16:18:24.340Z,Nuggan#5183,621f79d095a79aa51435b634,0x0Bf920dfE6D36829aB5b0e153857D4CA689E46fB,Tamarandom#9361,621f79ce95a79aa51435b225,0xcf79C7EaEC5BDC1A9e32D099C5D6BdF67E4cF6e8,for all the dev tweaks and improvements you are doing there in the background.,DISCORD:810180621930070088:810180622336262195,DISCORD:Token%20Engineering%20Commons:%F0%9F%99%8F%EF%BD%9Cpraise,34,13,13,21,,,,,False,False,False,False,Mettodo#7010,0x7710E7e881333Fd3396Ca5966BeD6E72746b612D,kristofer#1475,0xa32aECda752cF4EF89956e83d60C04835d4FA867,divine_comedian#5493,0x320c338BCF70bAAaE26e96201C33B48105Bc62C2,tigeroid#2951,0xd3898129d4acb0F8039b1B9D6367B236F1E6100f,20.25,0.016855335441984354,12.95462677189113
635ab8ef6a25cb799b409a3e,2022-10-27T16:59:27.358Z,bear100#9085,623ccc0771e68891990eb3c6,0x47a5BA5BE900fC22AD31BEC4c1ff54Df8e67cd70,enti#1546,6220d93f95a79aa51436be5e,0x6897aBe0fD62B589260784B21F4ca3F78A0D8017,"for putting together a really clean restructure excercise for us, you're really putting a lot of thought and effort into all of this",DISCORD:810180621930070088:810180622336262195,DISCORD:Token%20Engineering%20Commons:%F0%9F%99%8F%EF%BD%9Cpraise,0,13,8,21,635aae816a25cb799b409a11,,,,False,False,False,False,Mettodo#7010,0x7710E7e881333Fd3396Ca5966BeD6E72746b612D,kristofer#1475,0xa32aECda752cF4EF89956e83d60C04835d4FA867,divine_comedian#5493,0x320c338BCF70bAAaE26e96201C33B48105Bc62C2,tigeroid#2951,0xd3898129d4acb0F8039b1B9D6367B236F1E6100f,11.88,0.009888463459297487,7.600047706176129
635bfd806a25cb799b409a4d,2022-10-28T16:04:16.411Z,bear100#9085,623ccc0771e68891990eb3c6,0x47a5BA5BE900fC22AD31BEC4c1ff54Df8e67cd70,Tamarandom#9361,621f79ce95a79aa51435b225,0xcf79C7EaEC5BDC1A9e32D099C5D6BdF67E4cF6e8,this functional needs board is evern better today than yesterday!,DISCORD:810180621930070088:810180622966325289,DISCORD:Token%20Engineering%20Commons:%F0%9F%8C%BE%EF%BD%9C%20Stewards,0,21,13,34,,,,,True,False,False,False,Mettodo#7010,0x7710E7e881333Fd3396Ca5966BeD6E72746b612D,kristofer#1475,0xa32aECda752cF4EF89956e83d60C04835d4FA867,divine_comedian#5493,0x320c338BCF70bAAaE26e96201C33B48105Bc62C2,tigeroid#2951,0xd3898129d4acb0F8039b1B9D6367B236F1E6100f,17.0,0.01415015814882637,10.875489141834528
635c17456a25cb799b409a5c,2022-10-28T17:54:13.996Z,bear100#9085,623ccc0771e68891990eb3c6,0x47a5BA5BE900fC22AD31BEC4c1ff54Df8e67cd70,GideonRo#3175,621f79d595a79aa51435c5ff,0xB08F0ca73E8A59a1b7970e22B8ed2F9142c3fA53,for the tremendous leadership he has shown this week in coming up with a process for helping the TEC to prioritize its ongoing operations and identify key strategic questions.,DISCORD:810180621930070088:810180622336262195,DISCORD:Token%20Engineering%20Commons:%F0%9F%99%8F%EF%BD%9Cpraise,0,21,89,21,635aae816a25cb799b409a11,,,,False,False,False,False,Mettodo#7010,0x7710E7e881333Fd3396Ca5966BeD6E72746b612D,kristofer#1475,0xa32aECda752cF4EF89956e83d60C04835d4FA867,divine_comedian#5493,0x320c338BCF70bAAaE26e96201C33B48105Bc62C2,tigeroid#2951,0xd3898129d4acb0F8039b1B9D6367B236F1E6100f,34.13,0.028408523389379062,21.83414378887132
635c18206a25cb799b409a6b,2022-10-28T17:57:52.931Z,Maxwe11#7157,623365456cf31bb86af2d4e3,0x3F20a6fE04b3A4b37bBBBea826ae23be56Baed74,GideonRo#3175,621f79d595a79aa51435c5ff,0xB08F0ca73E8A59a1b7970e22B8ed2F9142c3fA53,for rolling up their sleeves and helping to prioritize what operations the TEC needs to prioritize as most urgent and what key strategic decisions are most important. Lots of great progress over the course of 3 meetings this week. Very hopeful.,DISCORD:810180621930070088:810180622336262195,DISCORD:Token%20Engineering%20Commons:%F0%9F%99%8F%EF%BD%9Cpraise,21,13,21,34,,,,,False,False,False,False,Mettodo#7010,0x7710E7e881333Fd3396Ca5966BeD6E72746b612D,kristofer#1475,0xa32aECda752cF4EF89956e83d60C04835d4FA867,divine_comedian#5493,0x320c338BCF70bAAaE26e96201C33B48105Bc62C2,tigeroid#2951,0xd3898129d4acb0F8039b1B9D6367B236F1E6100f,22.25,0.018520059930081573,14.23409608269519
635c18216a25cb799b409a72,2022-10-28T17:57:53.143Z,natesuits#4789,621f79cf95a79aa51435b2f7,0x66dF5A7715C5D4AfbBFA52435c66aa20733be0d1,GideonRo#3175,621f79d595a79aa51435c5ff,0xB08F0ca73E8A59a1b7970e22B8ed2F9142c3fA53,for rolling up their sleeves and helping to prioritize what operations the TEC needs to prioritize as most urgent and what key strategic decisions are most important. Lots of great progress over the course of 3 meetings this week. Very hopeful.,DISCORD:810180621930070088:810180622336262195,DISCORD:Token%20Engineering%20Commons:%F0%9F%99%8F%EF%BD%9Cpraise,21,13,55,34,,,,,False,False,False,False,Mettodo#7010,0x7710E7e881333Fd3396Ca5966BeD6E72746b612D,kristofer#1475,0xa32aECda752cF4EF89956e83d60C04835d4FA867,divine_comedian#5493,0x320c338BCF70bAAaE26e96201C33B48105Bc62C2,tigeroid#2951,0xd3898129d4acb0F8039b1B9D6367B236F1E6100f,30.75,0.025595139004494758,19.671840653612453
635c18216a25cb799b409a79,2022-10-28T17:57:53.675Z,enti#1546,6220d93f95a79aa51436be5e,0x6897aBe0fD62B589260784B21F4ca3F78A0D8017,GideonRo#3175,621f79d595a79aa51435c5ff,0xB08F0ca73E8A59a1b7970e22B8ed2F9142c3fA53,for rolling up their sleeves and helping to prioritize what operations the TEC needs to prioritize as most urgent and what key strategic decisions are most important. Lots of great progress over the course of 3 meetings this week. Very hopeful.,DISCORD:810180621930070088:810180622336262195,DISCORD:Token%20Engineering%20Commons:%F0%9F%99%8F%EF%BD%9Cpraise,13,13,55,34,,,,,False,False,False,False,Mettodo#7010,0x7710E7e881333Fd3396Ca5966BeD6E72746b612D,kristofer#1475,0xa32aECda752cF4EF89956e83d60C04835d4FA867,divine_comedian#5493,0x320c338BCF70bAAaE26e96201C33B48105Bc62C2,tigeroid#2951,0xd3898129d4acb0F8039b1B9D6367B236F1E6100f,28.75,0.02393041451639754,18.392371342808392
635c18226a25cb799b409a80,2022-10-28T17:57:54.281Z,liviade#1387,621f79ce95a79aa51435b227,0xF8D1d34956cEa24718cf8687588D6FeDbc6d9AA6,GideonRo#3175,621f79d595a79aa51435c5ff,0xB08F0ca73E8A59a1b7970e22B8ed2F9142c3fA53,for rolling up their sleeves and helping to prioritize what operations the TEC needs to prioritize as most urgent and what key strategic decisions are most important. Lots of great progress over the course of 3 meetings this week. Very hopeful.,DISCORD:810180621930070088:810180622336262195,DISCORD:Token%20Engineering%20Commons:%F0%9F%99%8F%EF%BD%9Cpraise,13,13,34,34,,,,,False,False,False,False,Mettodo#7010,0x7710E7e881333Fd3396Ca5966BeD6E72746b612D,kristofer#1475,0xa32aECda752cF4EF89956e83d60C04835d4FA867,divine_comedian#5493,0x320c338BCF70bAAaE26e96201C33B48105Bc62C2,tigeroid#2951,0xd3898129d4acb0F8039b1B9D6367B236F1E6100f,23.5,0.019560512735142335,15.033764401947728
635c18226a25cb799b409a87,2022-10-28T17:57:54.629Z,chuygarcia.eth#6692,621f79ce95a79aa51435b297,0xB22981bA3FE1De2325935c91a3B717168fB86714,GideonRo#3175,621f79d595a79aa51435c5ff,0xB08F0ca73E8A59a1b7970e22B8ed2F9142c3fA53,for rolling up their sleeves and helping to prioritize what operations the TEC needs to prioritize as most urgent and what key strategic decisions are most important. Lots of great progress over the course of 3 meetings this week. Very hopeful.,DISCORD:810180621930070088:810180622336262195,DISCORD:Token%20Engineering%20Commons:%F0%9F%99%8F%EF%BD%9Cpraise,21,13,8,21,,,,,False,False,False,False,Mettodo#7010,0x7710E7e881333Fd3396Ca5966BeD6E72746b612D,kristofer#1475,0xa32aECda752cF4EF89956e83d60C04835d4FA867,divine_comedian#5493,0x320c338BCF70bAAaE26e96201C33B48105Bc62C2,tigeroid#2951,0xd3898129d4acb0F8039b1B9D6367B236F1E6100f,15.75,0.013109705343765609,10.07582082258199
635c18236a25cb799b409a8e,2022-10-28T17:57:55.234Z,Tamarandom#9361,621f79ce95a79aa51435b225,0xcf79C7EaEC5BDC1A9e32D099C5D6BdF67E4cF6e8,GideonRo#3175,621f79d595a79aa51435c5ff,0xB08F0ca73E8A59a1b7970e22B8ed2F9142c3fA53,for rolling up their sleeves and helping to prioritize what operations the TEC needs to prioritize as most urgent and what key strategic decisions are most important. Lots of great progress over the course of 3 meetings this week. Very hopeful.,DISCORD:810180621930070088:810180622336262195,DISCORD:Token%20Engineering%20Commons:%F0%9F%99%8F%EF%BD%9Cpraise,13,13,55,34,,,,,False,False,False,False,Mettodo#7010,0x7710E7e881333Fd3396Ca5966BeD6E72746b612D,kristofer#1475,0xa32aECda752cF4EF89956e83d60C04835d4FA867,divine_comedian#5493,0x320c338BCF70bAAaE26e96201C33B48105Bc62C2,tigeroid#2951,0xd3898129d4acb0F8039b1B9D6367B236F1E6100f,28.75,0.02393041451639754,18.392371342808392
635c18236a25cb799b409a95,2022-10-28T17:57:55.769Z,r-x-x#8344,62719c82d6f46f43ffe0ce96,0x1409a9ef3450D5d50aAd004f417436e772FbF8fC,GideonRo#3175,621f79d595a79aa51435c5ff,0xB08F0ca73E8A59a1b7970e22B8ed2F9142c3fA53,for rolling up their sleeves and helping to prioritize what operations the TEC needs to prioritize as most urgent and what key strategic decisions are most important. Lots of great progress over the course of 3 meetings this week. Very hopeful.,DISCORD:810180621930070088:810180622336262195,DISCORD:Token%20Engineering%20Commons:%F0%9F%99%8F%EF%BD%9Cpraise,21,13,34,34,,,,,False,False,False,False,Mettodo#7010,0x7710E7e881333Fd3396Ca5966BeD6E72746b612D,kristofer#1475,0xa32aECda752cF4EF89956e83d60C04835d4FA867,divine_comedian#5493,0x320c338BCF70bAAaE26e96201C33B48105Bc62C2,tigeroid#2951,0xd3898129d4acb0F8039b1B9D6367B236F1E6100f,25.5,0.021225237223239556,16.313233712751792
635c18246a25cb799b409a9c,2022-10-28T17:57:56.900Z,bear100#9085,623ccc0771e68891990eb3c6,0x47a5BA5BE900fC22AD31BEC4c1ff54Df8e67cd70,GideonRo#3175,621f79d595a79aa51435c5ff,0xB08F0ca73E8A59a1b7970e22B8ed2F9142c3fA53,for rolling up their sleeves and helping to prioritize what operations the TEC needs to prioritize as most urgent and what key strategic decisions are most important. Lots of great progress over the course of 3 meetings this week. Very hopeful.,DISCORD:810180621930070088:810180622336262195,DISCORD:Token%20Engineering%20Commons:%F0%9F%99%8F%EF%BD%9Cpraise,13,13,21,34,,,,,False,False,False,False,Mettodo#7010,0x7710E7e881333Fd3396Ca5966BeD6E72746b612D,kristofer#1475,0xa32aECda752cF4EF89956e83d60C04835d4FA867,divine_comedian#5493,0x320c338BCF70bAAaE26e96201C33B48105Bc62C2,tigeroid#2951,0xd3898129d4acb0F8039b1B9D6367B236F1E6100f,20.25,0.016855335441984354,12.95462677189113
635d66ff6a25cb799b409aad,2022-10-29T17:46:39.369Z,brolag#0110,635d66fc81236c760df32e25,,enti#1546,6220d93f95a79aa51436be5e,0x6897aBe0fD62B589260784B21F4ca3F78A0D8017,for being interested in the Curation Service and Praise!,DISCORD:810180621930070088:810180622336262195,DISCORD:Token%20Engineering%20Commons:%F0%9F%99%8F%EF%BD%9Cpraise,3,1,3,3,,,,,False,False,False,False,Mettodo#7010,0x7710E7e881333Fd3396Ca5966BeD6E72746b612D,kristofer#1475,0xa32aECda752cF4EF89956e83d60C04835d4FA867,divine_comedian#5493,0x320c338BCF70bAAaE26e96201C33B48105Bc62C2,tigeroid#2951,0xd3898129d4acb0F8039b1B9D6367B236F1E6100f,2.5,0.002080905610121525,1.5993366385050776
635def466a25cb799b409abc,2022-10-30T03:28:06.576Z,Maxwe11#7157,623365456cf31bb86af2d4e3,0x3F20a6fE04b3A4b37bBBBea826ae23be56Baed74,divine_comedian#5493,621f79cf95a79aa51435b4cc,0x320c338BCF70bAAaE26e96201C33B48105Bc62C2,for drafting and publishing a succinct forum post summarizing a proposed change to the way we distribute rewards using a dynamic mechanism,DISCORD:810180621930070088:810180622336262195,DISCORD:Token%20Engineering%20Commons:%F0%9F%99%8F%EF%BD%9Cpraise,13,21,21,21,,,,,False,False,False,False,Mettodo#7010,0x7710E7e881333Fd3396Ca5966BeD6E72746b612D,kristofer#1475,0xa32aECda752cF4EF89956e83d60C04835d4FA867,divine_comedian#5493,0x320c338BCF70bAAaE26e96201C33B48105Bc62C2,tigeroid#2951,0xd3898129d4acb0F8039b1B9D6367B236F1E6100f,19.0,0.015814882636923593,12.154958452638592
636003b36a25cb799b409acb,2022-10-31T17:19:47.460Z,Zeptimus#3359,621f79ce95a79aa51435b287,0xaa79B87DC8B046A5E4f7D03F1562D7fe5BF98737,BiancaGadelha#2667,621f79dc95a79aa51435dc5a,0x1375847014BA64517210cBFE185808232Cf45d4a,for their hard work keeping things straight anf together for Gravity üïäÔ∏è,DISCORD:810180621930070088:810180622336262195,DISCORD:Token%20Engineering%20Commons:%F0%9F%99%8F%EF%BD%9Cpraise,8,8,13,21,,,,,False,False,False,False,Mettodo#7010,0x7710E7e881333Fd3396Ca5966BeD6E72746b612D,kristofer#1475,0xa32aECda752cF4EF89956e83d60C04835d4FA867,divine_comedian#5493,0x320c338BCF70bAAaE26e96201C33B48105Bc62C2,tigeroid#2951,0xd3898129d4acb0F8039b1B9D6367B236F1E6100f,12.5,0.010404528050607625,7.996683192525388
636003b36a25cb799b409ad2,2022-10-31T17:19:47.968Z,Juankbell#7458,621f79ce95a79aa51435b20b,0x7d547666209755FB833f9B37EebEa38eBF513Abb,BiancaGadelha#2667,621f79dc95a79aa51435dc5a,0x1375847014BA64517210cBFE185808232Cf45d4a,for their hard work keeping things straight anf together for Gravity üïäÔ∏è,DISCORD:810180621930070088:810180622336262195,DISCORD:Token%20Engineering%20Commons:%F0%9F%99%8F%EF%BD%9Cpraise,8,13,34,13,,,,,False,False,False,False,Mettodo#7010,0x7710E7e881333Fd3396Ca5966BeD6E72746b612D,kristofer#1475,0xa32aECda752cF4EF89956e83d60C04835d4FA867,divine_comedian#5493,0x320c338BCF70bAAaE26e96201C33B48105Bc62C2,tigeroid#2951,0xd3898129d4acb0F8039b1B9D6367B236F1E6100f,17.0,0.01415015814882637,10.875489141834528
636004316a25cb799b409ae1,2022-10-31T17:21:53.481Z,BiancaGadelha#2667,621f79dc95a79aa51435dc5a,0x1375847014BA64517210cBFE185808232Cf45d4a,Zeptimus#3359,621f79ce95a79aa51435b287,0xaa79B87DC8B046A5E4f7D03F1562D7fe5BF98737,for pushing the proposal inverter draft and talk with the proposal inverter over dms for round of feedback before posting it ‚òÄÔ∏è,DISCORD:810180621930070088:810180622479917065,DISCORD:Token%20Engineering%20Commons:%F0%9F%95%8A%EF%BD%9Cgravity,13,21,21,21,,,,,False,False,False,False,Mettodo#7010,0x7710E7e881333Fd3396Ca5966BeD6E72746b612D,kristofer#1475,0xa32aECda752cF4EF89956e83d60C04835d4FA867,divine_comedian#5493,0x320c338BCF70bAAaE26e96201C33B48105Bc62C2,tigeroid#2951,0xd3898129d4acb0F8039b1B9D6367B236F1E6100f,19.0,0.015814882636923593,12.154958452638592
636011d16a25cb799b409af0,2022-10-31T18:20:01.897Z,r33pich33p#6906,621f79d995a79aa51435d1f6,0x4318cC449b1cbE6d64dd82E16abE58C79E076C2B,r-x-x#8344,62719c82d6f46f43ffe0ce96,0x1409a9ef3450D5d50aAd004f417436e772FbF8fC,"For his support in reviewing, error checking, and commenting on my recent article on web3 data. Really appreciated!",DISCORD:810180621930070088:810180622336262195,DISCORD:Token%20Engineering%20Commons:%F0%9F%99%8F%EF%BD%9Cpraise,5,13,13,21,,,,,False,False,False,False,Mettodo#7010,0x7710E7e881333Fd3396Ca5966BeD6E72746b612D,kristofer#1475,0xa32aECda752cF4EF89956e83d60C04835d4FA867,divine_comedian#5493,0x320c338BCF70bAAaE26e96201C33B48105Bc62C2,tigeroid#2951,0xd3898129d4acb0F8039b1B9D6367B236F1E6100f,13.0,0.01082070917263193,8.316550520226404
6360f9ee6a25cb799b409aff,2022-11-01T10:50:22.808Z,natesuits#4789,621f79cf95a79aa51435b2f7,0x66dF5A7715C5D4AfbBFA52435c66aa20733be0d1,Tamarandom#9361,621f79ce95a79aa51435b225,0xcf79C7EaEC5BDC1A9e32D099C5D6BdF67E4cF6e8,for improving on the WG sunset doc/checklist. This is really helpful to have an organized way for a WG to retire.,DISCORD:810180621930070088:810180622336262195,DISCORD:Token%20Engineering%20Commons:%F0%9F%99%8F%EF%BD%9Cpraise,21,21,21,21,,,,,False,False,False,False,Mettodo#7010,0x7710E7e881333Fd3396Ca5966BeD6E72746b612D,kristofer#1475,0xa32aECda752cF4EF89956e83d60C04835d4FA867,divine_comedian#5493,0x320c338BCF70bAAaE26e96201C33B48105Bc62C2,tigeroid#2951,0xd3898129d4acb0F8039b1B9D6367B236F1E6100f,21.0,0.01747960712502081,13.434427763442653
636156006a25cb799b409b0e,2022-11-01T17:23:12.656Z,Tamarandom#9361,621f79ce95a79aa51435b225,0xcf79C7EaEC5BDC1A9e32D099C5D6BdF67E4cF6e8,liviade#1387,621f79ce95a79aa51435b227,0xF8D1d34956cEa24718cf8687588D6FeDbc6d9AA6,"for facilitating the TEC transition cal. Her guidance brings safety, sttructure and kindness. A meeting is always meaningful when Tam is leading it.",DISCORD:810180621930070088:810180622336262195,DISCORD:Token%20Engineering%20Commons:%F0%9F%99%8F%EF%BD%9Cpraise,8,21,34,21,,,,,False,False,False,False,Mettodo#7010,0x7710E7e881333Fd3396Ca5966BeD6E72746b612D,kristofer#1475,0xa32aECda752cF4EF89956e83d60C04835d4FA867,divine_comedian#5493,0x320c338BCF70bAAaE26e96201C33B48105Bc62C2,tigeroid#2951,0xd3898129d4acb0F8039b1B9D6367B236F1E6100f,21.0,0.01747960712502081,13.434427763442653
6361adfb6a25cb799b409b1d,2022-11-01T23:38:35.515Z,divine_comedian#5493,621f79cf95a79aa51435b4cc,0x320c338BCF70bAAaE26e96201C33B48105Bc62C2,Maxwe11#7157,623365456cf31bb86af2d4e3,0x3F20a6fE04b3A4b37bBBBea826ae23be56Baed74,for leading the quant call this morning,DISCORD:810180621930070088:810180622336262195,DISCORD:Token%20Engineering%20Commons:%F0%9F%99%8F%EF%BD%9Cpraise,5,13,8,13,,,,,False,False,False,False,Mettodo#7010,0x7710E7e881333Fd3396Ca5966BeD6E72746b612D,kristofer#1475,0xa32aECda752cF4EF89956e83d60C04835d4FA867,divine_comedian#5493,0x320c338BCF70bAAaE26e96201C33B48105Bc62C2,tigeroid#2951,0xd3898129d4acb0F8039b1B9D6367B236F1E6100f,9.75,0.008115531879473947,6.237412890169802
6361ae386a25cb799b409b2c,2022-11-01T23:39:36.780Z,divine_comedian#5493,621f79cf95a79aa51435b4cc,0x320c338BCF70bAAaE26e96201C33B48105Bc62C2,Maxwe11#7157,623365456cf31bb86af2d4e3,0x3F20a6fE04b3A4b37bBBBea826ae23be56Baed74,for the working session on refining our praise categories,DISCORD:810180621930070088:810180622336262195,DISCORD:Token%20Engineering%20Commons:%F0%9F%99%8F%EF%BD%9Cpraise,3,21,13,8,,,,,False,False,False,False,Mettodo#7010,0x7710E7e881333Fd3396Ca5966BeD6E72746b612D,kristofer#1475,0xa32aECda752cF4EF89956e83d60C04835d4FA867,divine_comedian#5493,0x320c338BCF70bAAaE26e96201C33B48105Bc62C2,tigeroid#2951,0xd3898129d4acb0F8039b1B9D6367B236F1E6100f,11.25,0.009364075245546864,7.19701487327285
63629d165fc913742db877f7,2022-11-02T16:38:46.574Z,divine_comedian#5493,621f79cf95a79aa51435b4cc,0x320c338BCF70bAAaE26e96201C33B48105Bc62C2,kristofer#1475,621f79cf95a79aa51435b300,0xa32aECda752cF4EF89956e83d60C04835d4FA867,for being engaged and facilitating a good rewards wg session even though double booked and short on time,DISCORD:810180621930070088:810180622336262195,DISCORD:Token%20Engineering%20Commons:%F0%9F%99%8F%EF%BD%9Cpraise,8,13,13,13,,,,,False,False,False,False,Mettodo#7010,0x7710E7e881333Fd3396Ca5966BeD6E72746b612D,kristofer#1475,0xa32aECda752cF4EF89956e83d60C04835d4FA867,divine_comedian#5493,0x320c338BCF70bAAaE26e96201C33B48105Bc62C2,tigeroid#2951,0xd3898129d4acb0F8039b1B9D6367B236F1E6100f,11.75,0.009780256367571167,7.516882200973864
63629d4a5fc913742db87807,2022-11-02T16:39:38.734Z,stratatrader#8522,63629d4981236c760df57bc6,0x285832dA8A9388db611F0304778418ae9E62d234,kristofer#1475,621f79cf95a79aa51435b300,0xa32aECda752cF4EF89956e83d60C04835d4FA867,for engaging in the rewards wg conversation,DISCORD:810180621930070088:810180622336262195,DISCORD:Token%20Engineering%20Commons:%F0%9F%99%8F%EF%BD%9Cpraise,1,3,5,8,,,,,False,False,False,False,Mettodo#7010,0x7710E7e881333Fd3396Ca5966BeD6E72746b612D,kristofer#1475,0xa32aECda752cF4EF89956e83d60C04835d4FA867,divine_comedian#5493,0x320c338BCF70bAAaE26e96201C33B48105Bc62C2,tigeroid#2951,0xd3898129d4acb0F8039b1B9D6367B236F1E6100f,4.25,0.0035375395372065927,2.718872285458632
63629e3e5fc913742db87816,2022-11-02T16:43:42.200Z,Zeptimus#3359,621f79ce95a79aa51435b287,0xaa79B87DC8B046A5E4f7D03F1562D7fe5BF98737,BiancaGadelha#2667,621f79dc95a79aa51435dc5a,0x1375847014BA64517210cBFE185808232Cf45d4a,for coming to the Gravity Coordination Call üïäÔ∏è,DISCORD:810180621930070088:810180622336262195,DISCORD:Token%20Engineering%20Commons:%F0%9F%99%8F%EF%BD%9Cpraise,1,3,1,1,,,,,False,False,False,False,Mettodo#7010,0x7710E7e881333Fd3396Ca5966BeD6E72746b612D,kristofer#1475,0xa32aECda752cF4EF89956e83d60C04835d4FA867,divine_comedian#5493,0x320c338BCF70bAAaE26e96201C33B48105Bc62C2,tigeroid#2951,0xd3898129d4acb0F8039b1B9D6367B236F1E6100f,1.5,0.001248543366072915,0.9596019831030466
63629e3e5fc913742db8781d,2022-11-02T16:43:42.685Z,durgadas#9280,621f79d495a79aa51435c33f,0xfF6d6a7718A234A84f740480Dbb07f6c09cF1cD5,BiancaGadelha#2667,621f79dc95a79aa51435dc5a,0x1375847014BA64517210cBFE185808232Cf45d4a,for coming to the Gravity Coordination Call üïäÔ∏è,DISCORD:810180621930070088:810180622336262195,DISCORD:Token%20Engineering%20Commons:%F0%9F%99%8F%EF%BD%9Cpraise,1,3,1,1,,,,,False,False,False,False,Mettodo#7010,0x7710E7e881333Fd3396Ca5966BeD6E72746b612D,kristofer#1475,0xa32aECda752cF4EF89956e83d60C04835d4FA867,divine_comedian#5493,0x320c338BCF70bAAaE26e96201C33B48105Bc62C2,tigeroid#2951,0xd3898129d4acb0F8039b1B9D6367B236F1E6100f,1.5,0.001248543366072915,0.9596019831030466
63629e3f5fc913742db87824,2022-11-02T16:43:43.165Z,innov8tor3#3988,621f79d195a79aa51435b94e,0xBCAD90F4a1ED4067d9bC33D4089FF18A82250253,BiancaGadelha#2667,621f79dc95a79aa51435dc5a,0x1375847014BA64517210cBFE185808232Cf45d4a,for coming to the Gravity Coordination Call üïäÔ∏è,DISCORD:810180621930070088:810180622336262195,DISCORD:Token%20Engineering%20Commons:%F0%9F%99%8F%EF%BD%9Cpraise,0,3,1,0,,,,63595a9d6a25cb799b40995a,True,False,False,False,Mettodo#7010,0x7710E7e881333Fd3396Ca5966BeD6E72746b612D,kristofer#1475,0xa32aECda752cF4EF89956e83d60C04835d4FA867,divine_comedian#5493,0x320c338BCF70bAAaE26e96201C33B48105Bc62C2,tigeroid#2951,0xd3898129d4acb0F8039b1B9D6367B236F1E6100f,1.02,0.0008490094889295822,0.6525293485100716
63629e3f5fc913742db8782b,2022-11-02T16:43:43.877Z,Juankbell#7458,621f79ce95a79aa51435b20b,0x7d547666209755FB833f9B37EebEa38eBF513Abb,BiancaGadelha#2667,621f79dc95a79aa51435dc5a,0x1375847014BA64517210cBFE185808232Cf45d4a,for coming to the Gravity Coordination Call üïäÔ∏è,DISCORD:810180621930070088:810180622336262195,DISCORD:Token%20Engineering%20Commons:%F0%9F%99%8F%EF%BD%9Cpraise,1,3,1,1,,,,,False,False,False,False,Mettodo#7010,0x7710E7e881333Fd3396Ca5966BeD6E72746b612D,kristofer#1475,0xa32aECda752cF4EF89956e83d60C04835d4FA867,divine_comedian#5493,0x320c338BCF70bAAaE26e96201C33B48105Bc62C2,tigeroid#2951,0xd3898129d4acb0F8039b1B9D6367B236F1E6100f,1.5,0.001248543366072915,0.9596019831030466
63629e665fc913742db8783a,2022-11-02T16:44:22.078Z,Maxwe11#7157,623365456cf31bb86af2d4e3,0x3F20a6fE04b3A4b37bBBBea826ae23be56Baed74,divine_comedian#5493,621f79cf95a79aa51435b4cc,0x320c338BCF70bAAaE26e96201C33B48105Bc62C2,for joining the weekly rewards WG call!,DISCORD:810180621930070088:810180622336262195,DISCORD:Token%20Engineering%20Commons:%F0%9F%99%8F%EF%BD%9Cpraise,1,3,1,1,,,,,False,False,False,False,Mettodo#7010,0x7710E7e881333Fd3396Ca5966BeD6E72746b612D,kristofer#1475,0xa32aECda752cF4EF89956e83d60C04835d4FA867,divine_comedian#5493,0x320c338BCF70bAAaE26e96201C33B48105Bc62C2,tigeroid#2951,0xd3898129d4acb0F8039b1B9D6367B236F1E6100f,1.5,0.001248543366072915,0.9596019831030466
63629e665fc913742db87841,2022-11-02T16:44:22.774Z,kristofer#1475,621f79cf95a79aa51435b300,0xa32aECda752cF4EF89956e83d60C04835d4FA867,divine_comedian#5493,621f79cf95a79aa51435b4cc,0x320c338BCF70bAAaE26e96201C33B48105Bc62C2,for joining the weekly rewards WG call!,DISCORD:810180621930070088:810180622336262195,DISCORD:Token%20Engineering%20Commons:%F0%9F%99%8F%EF%BD%9Cpraise,1,1,1,1,,,,,False,False,False,False,Mettodo#7010,0x7710E7e881333Fd3396Ca5966BeD6E72746b612D,kristofer#1475,0xa32aECda752cF4EF89956e83d60C04835d4FA867,divine_comedian#5493,0x320c338BCF70bAAaE26e96201C33B48105Bc62C2,tigeroid#2951,0xd3898129d4acb0F8039b1B9D6367B236F1E6100f,1.0,0.00083236224404861,0.639734655402031
63629e675fc913742db87848,2022-11-02T16:44:23.486Z,chuygarcia.eth#6692,621f79ce95a79aa51435b297,0xB22981bA3FE1De2325935c91a3B717168fB86714,divine_comedian#5493,621f79cf95a79aa51435b4cc,0x320c338BCF70bAAaE26e96201C33B48105Bc62C2,for joining the weekly rewards WG call!,DISCORD:810180621930070088:810180622336262195,DISCORD:Token%20Engineering%20Commons:%F0%9F%99%8F%EF%BD%9Cpraise,1,5,1,1,,,,,False,False,False,False,Mettodo#7010,0x7710E7e881333Fd3396Ca5966BeD6E72746b612D,kristofer#1475,0xa32aECda752cF4EF89956e83d60C04835d4FA867,divine_comedian#5493,0x320c338BCF70bAAaE26e96201C33B48105Bc62C2,tigeroid#2951,0xd3898129d4acb0F8039b1B9D6367B236F1E6100f,2.0,0.00166472448809722,1.279469310804062
63629e685fc913742db8784f,2022-11-02T16:44:24.554Z,miguelb#5176,621f79df95a79aa51435eeaa,0x7311b7bf2f004b8070efAf4A130348EEB18EF369,divine_comedian#5493,621f79cf95a79aa51435b4cc,0x320c338BCF70bAAaE26e96201C33B48105Bc62C2,for joining the weekly rewards WG call!,DISCORD:810180621930070088:810180622336262195,DISCORD:Token%20Engineering%20Commons:%F0%9F%99%8F%EF%BD%9Cpraise,1,5,1,1,,,,,False,False,False,False,Mettodo#7010,0x7710E7e881333Fd3396Ca5966BeD6E72746b612D,kristofer#1475,0xa32aECda752cF4EF89956e83d60C04835d4FA867,divine_comedian#5493,0x320c338BCF70bAAaE26e96201C33B48105Bc62C2,tigeroid#2951,0xd3898129d4acb0F8039b1B9D6367B236F1E6100f,2.0,0.00166472448809722,1.279469310804062
63629e695fc913742db87857,2022-11-02T16:44:25.738Z,stratatrader#8522,63629d4981236c760df57bc6,0x285832dA8A9388db611F0304778418ae9E62d234,divine_comedian#5493,621f79cf95a79aa51435b4cc,0x320c338BCF70bAAaE26e96201C33B48105Bc62C2,for joining the weekly rewards WG call!,DISCORD:810180621930070088:810180622336262195,DISCORD:Token%20Engineering%20Commons:%F0%9F%99%8F%EF%BD%9Cpraise,0,0,1,1,63629d4a5fc913742db87807,63629d4a5fc913742db87807,,,False,False,False,False,Mettodo#7010,0x7710E7e881333Fd3396Ca5966BeD6E72746b612D,kristofer#1475,0xa32aECda752cF4EF89956e83d60C04835d4FA867,divine_comedian#5493,0x320c338BCF70bAAaE26e96201C33B48105Bc62C2,tigeroid#2951,0xd3898129d4acb0F8039b1B9D6367B236F1E6100f,0.6,0.000499417346429166,0.3838407932412186
6362a3035fc913742db87866,2022-11-02T17:04:03.917Z,BiancaGadelha#2667,621f79dc95a79aa51435dc5a,0x1375847014BA64517210cBFE185808232Cf45d4a,Zeptimus#3359,621f79ce95a79aa51435b287,0xaa79B87DC8B046A5E4f7D03F1562D7fe5BF98737,"for praising alot of the activities happening in gravity, this is how we make this system work!! and for also joining the gravity call!",DISCORD:810180621930070088:810180622336262195,DISCORD:Token%20Engineering%20Commons:%F0%9F%99%8F%EF%BD%9Cpraise,13,5,3,8,,,,,False,False,False,False,Mettodo#7010,0x7710E7e881333Fd3396Ca5966BeD6E72746b612D,kristofer#1475,0xa32aECda752cF4EF89956e83d60C04835d4FA867,divine_comedian#5493,0x320c338BCF70bAAaE26e96201C33B48105Bc62C2,tigeroid#2951,0xd3898129d4acb0F8039b1B9D6367B236F1E6100f,7.25,0.006034626269352423,4.638076251664725
63640eb25fc913742db8787c,2022-11-03T18:55:46.363Z,GideonRo#3175,621f79d595a79aa51435c5ff,0xB08F0ca73E8A59a1b7970e22B8ed2F9142c3fA53,divine_comedian#5493,621f79cf95a79aa51435b4cc,0x320c338BCF70bAAaE26e96201C33B48105Bc62C2,"for leading the transformation session today, including leading the complicated and critical overhaul of the TEC structure",DISCORD:810180621930070088:810180622336262195,DISCORD:Token%20Engineering%20Commons:%F0%9F%99%8F%EF%BD%9Cpraise,21,21,55,34,,,,,False,False,False,False,Mettodo#7010,0x7710E7e881333Fd3396Ca5966BeD6E72746b612D,kristofer#1475,0xa32aECda752cF4EF89956e83d60C04835d4FA867,divine_comedian#5493,0x320c338BCF70bAAaE26e96201C33B48105Bc62C2,tigeroid#2951,0xd3898129d4acb0F8039b1B9D6367B236F1E6100f,32.75,0.02725986349259198,20.951309964416517
63640ef15fc913742db8788b,2022-11-03T18:56:49.735Z,r-x-x#8344,62719c82d6f46f43ffe0ce96,0x1409a9ef3450D5d50aAd004f417436e772FbF8fC,divine_comedian#5493,621f79cf95a79aa51435b4cc,0x320c338BCF70bAAaE26e96201C33B48105Bc62C2,for joining the reward board! Great to have him here and providing so much value to our innovative reward system,DISCORD:810180621930070088:810180622336262195,DISCORD:Token%20Engineering%20Commons:%F0%9F%99%8F%EF%BD%9Cpraise,3,5,5,13,,,,,False,False,False,False,Mettodo#7010,0x7710E7e881333Fd3396Ca5966BeD6E72746b612D,kristofer#1475,0xa32aECda752cF4EF89956e83d60C04835d4FA867,divine_comedian#5493,0x320c338BCF70bAAaE26e96201C33B48105Bc62C2,tigeroid#2951,0xd3898129d4acb0F8039b1B9D6367B236F1E6100f,6.5,0.005410354586315965,4.158275260113202
636446ef5fc913742db8789a,2022-11-03T22:55:43.532Z,GideonRo#3175,621f79d595a79aa51435c5ff,0xB08F0ca73E8A59a1b7970e22B8ed2F9142c3fA53,stratatrader#8522,63629d4981236c760df57bc6,0x285832dA8A9388db611F0304778418ae9E62d234,Thanks for welcoming new ideas into the TE Commons brainstorming session today.,DISCORD:810180621930070088:810180622336262195,DISCORD:Token%20Engineering%20Commons:%F0%9F%99%8F%EF%BD%9Cpraise,3,3,1,21,,,,,False,False,False,False,Mettodo#7010,0x7710E7e881333Fd3396Ca5966BeD6E72746b612D,kristofer#1475,0xa32aECda752cF4EF89956e83d60C04835d4FA867,divine_comedian#5493,0x320c338BCF70bAAaE26e96201C33B48105Bc62C2,tigeroid#2951,0xd3898129d4acb0F8039b1B9D6367B236F1E6100f,7.0,0.00582653570834027,4.478142587814217
63645ff45fc913742db878aa,2022-11-04T00:42:28.802Z,angieberry.eth#9822,621f79da95a79aa51435d52a,0xc163041D404e7657530491577665E40Da84C9Bd7,r-x-x#8344,62719c82d6f46f43ffe0ce96,0x1409a9ef3450D5d50aAd004f417436e772FbF8fC,for keeping us updated on tea matters!,DISCORD:810180621930070088:810180622966325296,DISCORD:Token%20Engineering%20Commons:%F0%9F%A5%BC%EF%BD%9Cte-academy,1,1,5,3,,,,,False,False,False,False,Mettodo#7010,0x7710E7e881333Fd3396Ca5966BeD6E72746b612D,kristofer#1475,0xa32aECda752cF4EF89956e83d60C04835d4FA867,divine_comedian#5493,0x320c338BCF70bAAaE26e96201C33B48105Bc62C2,tigeroid#2951,0xd3898129d4acb0F8039b1B9D6367B236F1E6100f,2.5,0.002080905610121525,1.5993366385050776
6364f64b5fc913742db878b9,2022-11-04T11:23:55.339Z,Zeptimus#3359,621f79ce95a79aa51435b287,0xaa79B87DC8B046A5E4f7D03F1562D7fe5BF98737,r-x-x#8344,62719c82d6f46f43ffe0ce96,0x1409a9ef3450D5d50aAd004f417436e772FbF8fC,for having taken care of credentials for the TEC for so long! üôè,DISCORD:810180621930070088:810180622634844206,DISCORD:Token%20Engineering%20Commons:%F0%9F%8C%BE%EF%BD%9Cstewards,34,144,21,13,,,,,False,False,False,False,Mettodo#7010,0x7710E7e881333Fd3396Ca5966BeD6E72746b612D,kristofer#1475,0xa32aECda752cF4EF89956e83d60C04835d4FA867,divine_comedian#5493,0x320c338BCF70bAAaE26e96201C33B48105Bc62C2,tigeroid#2951,0xd3898129d4acb0F8039b1B9D6367B236F1E6100f,53.0,0.044115198934576334,33.905936736307645
6366ba725fc913742db878d3,2022-11-05T19:33:06.840Z,Atotsm#5719,621f79db95a79aa51435d766,0x96BdAD64f1436005AD9ca93ea5A157949B5c5BEC,r-x-x#8344,62719c82d6f46f43ffe0ce96,0x1409a9ef3450D5d50aAd004f417436e772FbF8fC,for showing interest in joining the commons!,DISCORD:810180621930070088:1038462738587983932,DISCORD:Token%20Engineering%20Commons:activate%20praise,1,1,1,3,,,,,False,False,False,False,Mettodo#7010,0x7710E7e881333Fd3396Ca5966BeD6E72746b612D,kristofer#1475,0xa32aECda752cF4EF89956e83d60C04835d4FA867,divine_comedian#5493,0x320c338BCF70bAAaE26e96201C33B48105Bc62C2,tigeroid#2951,0xd3898129d4acb0F8039b1B9D6367B236F1E6100f,1.5,0.001248543366072915,0.9596019831030466
6366c0725fc913742db878e7,2022-11-05T19:58:42.592Z,r-x-x#8344,62719c82d6f46f43ffe0ce96,0x1409a9ef3450D5d50aAd004f417436e772FbF8fC,Atotsm#5719,621f79db95a79aa51435d766,0x96BdAD64f1436005AD9ca93ea5A157949B5c5BEC,for the first info,DISCORD:810180621930070088:1038462738587983932,DISCORD:Token%20Engineering%20Commons:activate%20praise,0,1,1,3,,,,,True,False,False,False,Mettodo#7010,0x7710E7e881333Fd3396Ca5966BeD6E72746b612D,kristofer#1475,0xa32aECda752cF4EF89956e83d60C04835d4FA867,divine_comedian#5493,0x320c338BCF70bAAaE26e96201C33B48105Bc62C2,tigeroid#2951,0xd3898129d4acb0F8039b1B9D6367B236F1E6100f,1.25,0.0010404528050607625,0.7996683192525388
6367fe5f5fc913742db878f7,2022-11-06T18:35:11.580Z,r-x-x#8344,62719c82d6f46f43ffe0ce96,0x1409a9ef3450D5d50aAd004f417436e772FbF8fC,enti#1546,6220d93f95a79aa51436be5e,0x6897aBe0fD62B589260784B21F4ca3F78A0D8017,for teaching me new stuff and guiding me to work on the discord/community analysis for the TEC,DISCORD:810180621930070088:810180622336262195,DISCORD:Token%20Engineering%20Commons:%F0%9F%99%8F%EF%BD%9Cpraise,8,5,55,13,,,,,False,False,False,False,Mettodo#7010,0x7710E7e881333Fd3396Ca5966BeD6E72746b612D,kristofer#1475,0xa32aECda752cF4EF89956e83d60C04835d4FA867,divine_comedian#5493,0x320c338BCF70bAAaE26e96201C33B48105Bc62C2,tigeroid#2951,0xd3898129d4acb0F8039b1B9D6367B236F1E6100f,20.25,0.016855335441984354,12.95462677189113
6367fed55fc913742db87906,2022-11-06T18:37:09.708Z,enti#1546,6220d93f95a79aa51436be5e,0x6897aBe0fD62B589260784B21F4ca3F78A0D8017,r-x-x#8344,62719c82d6f46f43ffe0ce96,0x1409a9ef3450D5d50aAd004f417436e772FbF8fC,"for getting out of his comfort zone, and spending the time to learning new technologies in order to createa beautiful dashboard on Discord activity at the commons https://eenti.github.io/TEC-Discord-Analysis/",DISCORD:810180621930070088:810180622336262195,DISCORD:Token%20Engineering%20Commons:%F0%9F%99%8F%EF%BD%9Cpraise,13,89,89,21,,,,,False,False,False,False,Mettodo#7010,0x7710E7e881333Fd3396Ca5966BeD6E72746b612D,kristofer#1475,0xa32aECda752cF4EF89956e83d60C04835d4FA867,divine_comedian#5493,0x320c338BCF70bAAaE26e96201C33B48105Bc62C2,tigeroid#2951,0xd3898129d4acb0F8039b1B9D6367B236F1E6100f,53.0,0.044115198934576334,33.905936736307645
